age,income,debt,loanAmount,employmentYears,creditScore,priorDefaults,dti,lti,region,product,applyMonth,decision
43,18600,662,80903,14,570,1,0.036,4.35,NW,STD,2018-11,APPROVE
56,41700,7052,171880,18,832,0,0.169,4.122,LON,REMO,2019-08,APPROVE
46,116200,19952,511602,3,589,1,0.172,4.403,MID,REMO,2019-05,APPROVE
55,30600,11398,33074,5,539,1,0.372,1.081,NE,STD,2018-09,DECLINE
50,137700,16495,233142,14,543,0,0.12,1.693,MID,STD,2018-06,DECLINE
50,45200,20485,213536,20,585,0,0.453,4.724,NW,REMO,2020-01,REFER
64,32800,5586,38282,17,573,0,0.17,1.167,LON,STD,2019-03,APPROVE
62,14900,8202,60222,13,840,0,0.55,4.042,LON,STD,2020-01,DECLINE
55,52900,25266,217388,24,681,1,0.478,4.109,LON,STD,2019-02,REFER
42,127000,86413,494080,25,728,0,0.68,3.89,NE,REMO,2020-01,DECLINE
38,31300,2933,164702,2,614,0,0.094,5.262,NW,GREEN,2019-05,REFER
29,35100,14091,129758,22,642,0,0.401,3.697,NW,GREEN,2018-11,REFER
39,134900,43931,290061,22,784,0,0.326,2.15,MID,GREEN,2020-07,APPROVE
54,27000,14277,19068,0,761,0,0.529,0.706,MID,STD,2020-01,REFER
65,89200,16961,426206,5,673,1,0.19,4.778,NW,STD,2018-09,REFER
25,12100,8463,15008,21,539,0,0.699,1.24,NW,STD,2020-07,DECLINE
51,88400,8687,226712,11,646,2,0.098,2.565,NW,STD,2018-06,DECLINE
22,82700,14053,233436,7,696,0,0.17,2.823,LON,GREEN,2019-02,APPROVE
42,95000,64480,160473,4,647,3,0.679,1.689,NW,GREEN,2019-03,DECLINE
40,21000,7540,42089,12,779,0,0.359,2.004,MID,REMO,2018-11,APPROVE
26,13100,4525,51243,22,659,0,0.345,3.912,LON,BRIDGE,2019-05,APPROVE
47,26800,5123,28322,1,635,0,0.191,1.057,LON,BRIDGE,2019-01,REFER
44,47000,25943,67398,8,593,0,0.552,1.434,MID,STD,2020-04,DECLINE
44,12200,747,66843,8,600,0,0.061,5.479,LON,STD,2019-08,REFER
34,97400,46914,421947,16,702,0,0.482,4.332,NE,REMO,2019-02,APPROVE
57,70000,3992,174716,9,520,0,0.057,2.496,LON,STD,2018-06,DECLINE
64,50000,2642,181426,3,744,0,0.053,3.629,NE,STD,2018-11,APPROVE
32,13100,868,49475,9,563,0,0.066,3.777,MID,STD,2018-06,APPROVE
20,48500,16313,73001,15,741,0,0.336,1.505,LON,STD,2019-11,APPROVE
36,49200,16891,209482,10,556,0,0.343,4.258,SE,REMO,2019-11,DECLINE
49,16200,1727,62201,6,789,0,0.107,3.84,SE,GREEN,2019-11,APPROVE
51,16400,4212,98625,1,768,0,0.257,6.014,NW,BRIDGE,2019-11,DECLINE
37,54100,1985,85943,7,664,0,0.037,1.589,SE,STD,2020-01,APPROVE
68,120700,55149,731817,21,744,0,0.457,6.063,NW,STD,2019-03,DECLINE
42,27000,14131,166116,14,536,0,0.523,6.152,NW,REMO,2019-11,DECLINE
38,161700,48114,315781,8,693,0,0.298,1.953,MID,REMO,2020-01,APPROVE
22,163000,100338,162932,7,829,0,0.616,1,SE,GREEN,2018-11,DECLINE
31,23100,8666,41826,10,545,0,0.375,1.811,LON,REMO,2019-05,DECLINE
20,32300,6288,66985,7,783,0,0.195,2.074,LON,STD,2019-11,APPROVE
28,22800,846,122108,21,669,0,0.037,5.356,NW,GREEN,2018-11,REFER
22,121700,18379,318071,19,662,0,0.151,2.614,LON,GREEN,2019-02,APPROVE
45,38900,24573,58737,1,631,0,0.632,1.51,NE,STD,2019-02,DECLINE
42,69300,40091,214764,0,710,0,0.579,3.099,NW,STD,2020-01,DECLINE
22,75300,1474,199596,18,744,0,0.02,2.651,NW,REMO,2019-02,APPROVE
48,129000,86479,400975,17,831,0,0.67,3.108,MID,STD,2019-03,DECLINE
67,25800,17444,34323,22,724,0,0.676,1.33,SE,REMO,2018-09,DECLINE
68,33500,18777,175342,10,527,0,0.561,5.234,LON,STD,2019-11,DECLINE
20,115900,1882,749039,24,740,0,0.016,6.463,LON,STD,2018-11,DECLINE
65,28200,2679,148121,3,840,0,0.095,5.253,SE,GREEN,2019-01,REFER
20,52500,17558,196312,16,784,0,0.334,3.739,SE,REMO,2018-11,APPROVE
22,109200,72797,410264,23,757,0,0.667,3.757,NE,STD,2018-06,DECLINE
47,48100,5063,41665,5,833,1,0.105,0.866,LON,STD,2019-02,APPROVE
33,54000,7619,220645,19,702,1,0.141,4.086,NE,REMO,2019-03,APPROVE
58,48100,15265,40947,20,536,0,0.317,0.851,LON,STD,2018-09,DECLINE
42,65900,1898,106500,5,693,0,0.029,1.616,LON,STD,2020-07,APPROVE
27,61000,38185,354976,21,780,0,0.626,5.819,SE,GREEN,2018-06,DECLINE
45,17200,3257,100211,23,771,2,0.189,5.826,LON,GREEN,2019-11,DECLINE
55,144900,79479,353829,24,592,0,0.549,2.442,NW,REMO,2019-05,REFER
47,23400,2231,146243,9,578,0,0.095,6.25,SE,BRIDGE,2019-02,DECLINE
19,27000,10382,85436,15,562,0,0.385,3.164,MID,STD,2020-01,APPROVE
43,27900,2031,168708,5,761,0,0.073,6.047,LON,REMO,2018-11,DECLINE
24,15200,7682,93927,6,677,0,0.505,6.179,LON,REMO,2020-01,DECLINE
38,46600,26850,294165,13,760,2,0.576,6.313,SW,REMO,2019-03,DECLINE
54,28300,15764,48803,12,565,0,0.557,1.724,NE,STD,2020-01,DECLINE
45,27800,1147,15895,2,601,0,0.041,0.572,LON,STD,2019-02,APPROVE
31,25500,13403,151578,24,545,1,0.526,5.944,SE,REMO,2019-03,DECLINE
25,80400,54205,147967,19,710,0,0.674,1.84,SW,GREEN,2019-01,DECLINE
68,176800,2594,722111,6,728,0,0.015,4.084,SW,STD,2019-11,APPROVE
68,100300,1886,635396,11,567,0,0.019,6.335,SW,STD,2020-07,DECLINE
41,48600,21833,252360,16,601,0,0.449,5.193,LON,GREEN,2020-04,REFER
21,37600,20190,220460,16,615,3,0.537,5.863,MID,STD,2020-07,DECLINE
66,19600,8208,76093,16,670,0,0.419,3.882,LON,STD,2018-11,REFER
63,48400,6283,91440,20,707,0,0.13,1.889,MID,GREEN,2019-03,APPROVE
55,81800,46920,78776,5,690,2,0.574,0.963,LON,STD,2018-11,DECLINE
36,12300,7381,20663,17,582,0,0.6,1.68,SW,BRIDGE,2019-02,DECLINE
58,51300,9368,240209,3,528,0,0.183,4.682,SE,STD,2019-11,DECLINE
64,102700,50866,598265,23,681,0,0.495,5.825,SW,REMO,2020-04,REFER
57,15400,9843,41666,1,769,0,0.639,2.706,SE,GREEN,2020-07,DECLINE
68,42800,26242,107779,13,806,0,0.613,2.518,LON,STD,2020-07,DECLINE
45,12700,6022,54385,12,724,1,0.474,4.282,SE,REMO,2019-01,REFER
20,57000,28037,170484,22,830,0,0.492,2.991,MID,STD,2019-05,REFER
43,13700,3102,51035,23,539,0,0.226,3.725,SE,GREEN,2019-02,DECLINE
32,18800,4146,68184,2,557,2,0.221,3.627,NW,STD,2020-07,DECLINE
35,102300,37531,489969,25,547,0,0.367,4.79,LON,STD,2019-11,DECLINE
51,96500,8503,547839,16,663,0,0.088,5.677,SE,STD,2019-03,REFER
47,51900,25979,142953,22,630,0,0.501,2.754,LON,BRIDGE,2018-09,REFER
40,46600,15403,161343,9,547,1,0.331,3.462,LON,STD,2018-06,DECLINE
63,42800,4561,259732,18,676,0,0.107,6.069,LON,REMO,2019-08,DECLINE
26,34600,4383,80782,23,536,0,0.127,2.335,SE,REMO,2019-01,DECLINE
50,20500,10100,71462,18,731,2,0.493,3.486,LON,STD,2019-02,DECLINE
30,19200,12544,61508,16,559,0,0.653,3.204,MID,STD,2019-03,DECLINE
68,30600,10247,15901,11,645,0,0.335,0.52,LON,REMO,2018-09,APPROVE
47,16300,2404,94141,22,713,0,0.147,5.776,NW,STD,2019-02,REFER
19,44800,1373,164876,22,708,0,0.031,3.68,LON,STD,2019-08,APPROVE
45,87000,6262,517381,9,667,1,0.072,5.947,SE,STD,2018-11,REFER
40,17400,746,10412,18,696,0,0.043,0.598,LON,BRIDGE,2020-01,APPROVE
55,108300,1826,308869,24,703,0,0.017,2.852,SW,GREEN,2019-11,APPROVE
29,57800,24312,287704,22,650,0,0.421,4.978,NW,GREEN,2019-02,REFER
32,53100,26301,280589,16,692,0,0.495,5.284,LON,STD,2019-05,REFER
61,21500,14982,123351,21,623,0,0.697,5.737,MID,STD,2019-03,DECLINE
49,97200,48915,82124,23,767,0,0.503,0.845,LON,REMO,2018-11,REFER
38,22500,12813,141917,24,522,1,0.569,6.307,LON,GREEN,2019-05,DECLINE
65,88300,46719,565468,23,635,0,0.529,6.404,NE,REMO,2018-11,DECLINE
54,57100,15695,344099,12,711,0,0.275,6.026,NE,STD,2019-01,DECLINE
30,100500,56730,165757,7,806,0,0.564,1.649,LON,STD,2018-06,DECLINE
19,61700,21355,253192,5,525,0,0.346,4.104,SE,STD,2019-03,DECLINE
40,39800,7834,92257,25,685,0,0.197,2.318,LON,STD,2018-06,APPROVE
53,25400,12903,116817,1,650,0,0.508,4.599,NE,STD,2019-01,REFER
34,53000,28052,129811,2,819,0,0.529,2.449,LON,STD,2018-06,REFER
27,25300,13773,162821,12,735,2,0.544,6.436,NW,STD,2019-01,DECLINE
49,31600,11786,21279,11,774,3,0.373,0.673,NE,STD,2019-05,DECLINE
55,57600,2572,298952,16,738,2,0.045,5.19,LON,STD,2020-04,DECLINE
26,20600,1559,11446,19,703,0,0.076,0.556,NE,GREEN,2019-05,APPROVE
25,20600,1831,13225,16,833,0,0.089,0.642,NE,REMO,2020-04,APPROVE
58,37100,2287,181642,10,768,0,0.062,4.896,NW,GREEN,2020-07,REFER
51,117700,19852,508069,0,814,0,0.169,4.317,NE,GREEN,2018-11,REFER
64,25800,4522,37244,25,566,0,0.175,1.444,NW,REMO,2018-06,APPROVE
46,88000,28842,421014,15,750,0,0.328,4.784,SE,STD,2019-01,REFER
31,29700,16512,150134,15,651,0,0.556,5.055,LON,GREEN,2019-05,DECLINE
31,84500,58952,487039,20,601,3,0.698,5.764,SE,STD,2019-01,DECLINE
44,66600,36047,363629,23,626,1,0.541,5.46,MID,STD,2019-05,REFER
33,123000,79134,115891,13,781,0,0.643,0.942,NE,STD,2018-06,DECLINE
62,36200,18954,225000,14,530,0,0.524,6.215,MID,STD,2019-03,DECLINE
23,16100,9448,47396,4,795,1,0.587,2.944,SW,STD,2018-06,DECLINE
64,60200,38498,224952,10,712,0,0.64,3.737,MID,GREEN,2018-06,DECLINE
46,48300,28399,58439,0,638,0,0.588,1.21,MID,STD,2018-06,DECLINE
39,100100,23155,473364,21,608,0,0.231,4.729,LON,STD,2019-02,REFER
46,37600,12130,172394,9,643,3,0.323,4.585,LON,GREEN,2019-08,DECLINE
64,20000,6577,71677,19,687,0,0.329,3.584,LON,REMO,2018-11,APPROVE
50,17700,3276,21735,12,591,0,0.185,1.228,LON,STD,2019-01,APPROVE
36,66500,24468,71972,12,754,0,0.368,1.082,LON,STD,2018-11,APPROVE
19,20400,7648,25288,15,729,0,0.375,1.24,LON,REMO,2019-08,APPROVE
42,59400,15596,279148,18,807,0,0.263,4.699,LON,REMO,2018-11,REFER
19,47000,21461,136813,23,768,0,0.457,2.911,MID,STD,2019-08,REFER
62,56200,10476,201043,24,688,2,0.186,3.577,SE,REMO,2019-03,DECLINE
31,88700,263,367414,5,670,0,0.003,4.142,NE,GREEN,2019-01,APPROVE
24,66900,25229,305600,25,534,0,0.377,4.568,LON,REMO,2018-11,DECLINE
46,108400,2613,243540,5,620,0,0.024,2.247,SW,STD,2019-03,APPROVE
41,20000,8483,79085,23,531,1,0.424,3.954,NW,STD,2019-08,DECLINE
41,26500,14986,45211,23,677,0,0.566,1.706,LON,STD,2020-04,DECLINE
34,84300,34705,329209,15,589,0,0.412,3.905,NW,GREEN,2018-11,REFER
52,28300,18152,139504,6,627,1,0.641,4.929,LON,STD,2018-11,DECLINE
54,16200,10880,41725,15,829,0,0.672,2.576,LON,REMO,2020-07,DECLINE
50,46400,22815,191006,21,779,0,0.492,4.117,NW,REMO,2019-08,REFER
67,25700,12769,139654,13,781,0,0.497,5.434,MID,STD,2020-04,REFER
66,73200,44235,343437,14,792,0,0.604,4.692,LON,STD,2018-06,DECLINE
65,14700,6294,13393,6,714,0,0.428,0.911,NW,BRIDGE,2020-01,REFER
27,27100,18023,113688,16,588,2,0.665,4.195,LON,STD,2019-05,DECLINE
23,12800,5849,74761,15,733,0,0.457,5.841,MID,REMO,2019-05,REFER
48,44200,7767,256319,8,811,1,0.176,5.799,NE,STD,2020-07,APPROVE
30,86900,38086,224905,21,528,0,0.438,2.588,NW,STD,2019-11,DECLINE
38,14800,961,77240,13,616,0,0.065,5.219,NE,REMO,2019-08,APPROVE
34,19900,7993,115000,9,685,0,0.402,5.779,SW,REMO,2019-11,REFER
25,147800,56181,155652,19,585,0,0.38,1.053,NW,GREEN,2020-07,APPROVE
54,48800,33903,105732,12,784,0,0.695,2.167,MID,STD,2019-01,DECLINE
46,26900,18228,129687,13,622,0,0.678,4.821,SW,REMO,2019-02,DECLINE
40,31900,17640,140436,14,834,0,0.553,4.402,LON,STD,2019-03,DECLINE
34,128500,40628,250249,8,654,0,0.316,1.947,MID,STD,2019-11,APPROVE
54,77200,3294,424566,5,669,0,0.043,5.5,SE,REMO,2019-05,REFER
68,35100,14398,62840,14,760,1,0.41,1.79,MID,REMO,2019-01,REFER
36,123900,39698,593098,6,654,1,0.32,4.787,NE,STD,2020-07,APPROVE
41,13000,8144,46790,6,739,0,0.626,3.599,MID,STD,2020-07,DECLINE
45,42000,22546,148500,0,757,0,0.537,3.536,NW,REMO,2018-09,REFER
62,106800,51836,130268,25,587,0,0.485,1.22,LON,GREEN,2018-11,REFER
29,41900,1518,144838,13,547,0,0.036,3.457,LON,STD,2019-05,DECLINE
43,34300,15961,155222,2,564,0,0.465,4.525,LON,STD,2018-06,REFER
31,67800,27917,92223,0,671,0,0.412,1.36,LON,STD,2019-01,REFER
68,39000,26676,164624,15,829,1,0.684,4.221,SE,REMO,2019-01,DECLINE
39,16400,3289,76832,16,585,0,0.201,4.685,SW,STD,2019-02,REFER
67,18400,4985,96413,13,521,0,0.271,5.24,MID,STD,2020-04,DECLINE
28,130500,44467,433761,3,533,2,0.341,3.324,NW,GREEN,2018-06,DECLINE
53,41800,28943,58407,24,699,0,0.692,1.397,SE,STD,2019-01,DECLINE
35,36600,1765,50377,17,606,0,0.048,1.376,LON,REMO,2020-04,APPROVE
24,177600,71357,242626,19,739,0,0.402,1.366,NW,STD,2020-07,REFER
23,52500,10488,306444,9,740,0,0.2,5.837,NW,STD,2019-05,REFER
47,76200,15757,332808,25,710,0,0.207,4.368,LON,STD,2018-09,APPROVE
37,74300,9397,264364,16,748,0,0.126,3.558,LON,STD,2018-11,APPROVE
28,112100,9655,268610,14,732,0,0.086,2.396,LON,STD,2018-11,APPROVE
44,37400,2431,65680,6,753,0,0.065,1.756,NW,STD,2019-11,APPROVE
33,71400,19988,247172,20,784,0,0.28,3.462,NE,STD,2019-03,APPROVE
29,16400,6537,100569,3,741,0,0.399,6.132,LON,GREEN,2019-11,DECLINE
62,32100,8258,114509,7,538,0,0.257,3.567,LON,GREEN,2019-02,DECLINE
36,61500,21711,210334,2,759,0,0.353,3.42,SE,GREEN,2019-02,APPROVE
56,113300,24175,341383,24,637,0,0.213,3.013,NE,STD,2019-05,APPROVE
38,28700,10981,87260,2,541,0,0.383,3.04,MID,REMO,2019-08,DECLINE
62,126900,6164,341684,11,755,0,0.049,2.693,SE,STD,2019-02,APPROVE
38,163200,73304,1005005,2,639,0,0.449,6.158,NW,REMO,2020-07,DECLINE
41,19900,7959,44338,24,665,0,0.4,2.228,MID,STD,2019-05,APPROVE
35,123500,44700,166162,24,661,0,0.362,1.345,SW,STD,2020-01,APPROVE
26,75000,13742,485938,23,783,0,0.183,6.479,LON,STD,2020-04,DECLINE
24,68700,29897,209171,23,833,0,0.435,3.045,NW,STD,2019-02,REFER
59,72400,11793,142828,5,690,3,0.163,1.973,NW,GREEN,2018-11,DECLINE
66,13200,6714,23095,8,630,3,0.509,1.75,MID,BRIDGE,2020-01,DECLINE
39,23900,14618,60721,23,702,0,0.612,2.541,LON,STD,2019-08,DECLINE
62,77100,45525,253620,14,680,0,0.59,3.289,NW,STD,2020-07,DECLINE
36,30400,13761,118726,21,621,2,0.453,3.905,NW,STD,2019-03,DECLINE
45,92700,27538,102103,8,787,0,0.297,1.101,LON,STD,2018-09,APPROVE
25,64800,41523,168022,15,745,0,0.641,2.593,NW,GREEN,2019-08,DECLINE
52,14400,4509,41282,8,599,0,0.313,2.867,NE,GREEN,2018-06,APPROVE
31,119800,51940,533403,8,784,0,0.434,4.452,LON,STD,2019-02,REFER
38,78000,42347,328879,7,552,0,0.543,4.216,SE,REMO,2019-11,DECLINE
42,74000,49030,63818,18,685,0,0.663,0.862,SE,GREEN,2019-08,DECLINE
39,55200,10717,44492,15,735,0,0.194,0.806,LON,REMO,2019-05,APPROVE
63,66600,41065,118989,9,551,0,0.617,1.787,MID,STD,2020-04,DECLINE
36,94800,12752,459785,6,644,0,0.135,4.85,SE,STD,2020-04,REFER
54,14800,569,86365,21,688,0,0.038,5.835,NE,STD,2019-05,APPROVE
29,17100,8660,93211,1,748,3,0.506,5.451,NW,GREEN,2019-11,DECLINE
28,54200,23712,301508,6,715,0,0.437,5.563,SE,STD,2019-08,REFER
57,83100,44220,306774,15,777,0,0.532,3.692,MID,BRIDGE,2018-11,REFER
48,24500,1723,44858,21,666,0,0.07,1.831,SE,GREEN,2019-01,APPROVE
25,38100,16276,60299,25,616,0,0.427,1.583,NW,REMO,2020-01,REFER
54,14400,6929,37969,25,598,1,0.481,2.637,NW,STD,2019-03,REFER
49,72300,76,421416,6,795,0,0.001,5.829,SW,REMO,2020-01,REFER
30,82300,20718,367587,17,612,0,0.252,4.466,SW,STD,2018-06,APPROVE
58,23200,8880,36592,19,832,0,0.383,1.577,NE,STD,2020-04,APPROVE
64,38200,11403,234096,14,611,2,0.299,6.128,NW,STD,2019-11,DECLINE
57,102500,65476,239200,7,605,0,0.639,2.334,SE,BRIDGE,2019-05,DECLINE
27,15100,4690,38042,6,635,0,0.311,2.519,SW,REMO,2018-06,APPROVE
45,14000,7981,55613,2,538,0,0.57,3.972,SE,STD,2019-03,DECLINE
64,16800,4999,67958,20,635,0,0.298,4.045,LON,REMO,2019-08,APPROVE
66,117900,38183,123608,10,677,0,0.324,1.048,NE,STD,2019-11,APPROVE
20,14600,8126,31939,23,817,0,0.557,2.188,LON,REMO,2019-11,DECLINE
68,12300,5394,23708,0,796,0,0.439,1.927,LON,STD,2018-06,REFER
58,25600,15228,80838,7,755,2,0.595,3.158,NW,REMO,2020-04,DECLINE
34,39800,15529,254462,24,706,0,0.39,6.394,LON,BRIDGE,2020-07,DECLINE
42,42600,11698,118133,15,577,0,0.275,2.773,LON,STD,2019-03,APPROVE
19,42900,12237,266716,15,824,0,0.285,6.217,NE,STD,2019-05,DECLINE
58,14600,7678,86316,15,823,0,0.526,5.912,MID,BRIDGE,2019-03,REFER
48,34200,10625,176687,18,624,0,0.311,5.166,SE,REMO,2019-03,REFER
41,13200,4351,21948,25,545,0,0.33,1.663,SE,REMO,2020-07,DECLINE
44,49900,31259,219185,20,536,3,0.626,4.392,LON,STD,2019-08,DECLINE
54,78400,44997,269804,10,759,0,0.574,3.441,LON,STD,2020-01,DECLINE
57,93800,56882,387084,25,692,0,0.606,4.127,LON,STD,2020-04,DECLINE
60,16000,6386,12508,22,795,0,0.399,0.782,NE,STD,2020-01,APPROVE
24,33600,7387,30875,16,665,0,0.22,0.919,MID,STD,2018-06,APPROVE
20,68900,8369,296860,20,700,0,0.121,4.309,MID,STD,2020-04,APPROVE
64,28600,11892,147635,6,660,0,0.416,5.162,SE,STD,2019-05,REFER
40,17200,7439,59347,23,683,0,0.433,3.45,NW,STD,2018-06,REFER
41,24800,7557,21014,8,573,0,0.305,0.847,NW,REMO,2020-01,APPROVE
66,24700,14628,15667,0,740,0,0.592,0.634,NE,BRIDGE,2018-11,DECLINE
47,22000,12384,76289,6,697,0,0.563,3.468,LON,STD,2018-09,DECLINE
19,42200,12577,42981,15,720,0,0.298,1.019,MID,REMO,2018-09,APPROVE
21,59600,14148,58798,25,757,0,0.237,0.987,NW,STD,2019-08,APPROVE
29,136200,88012,267949,4,677,0,0.646,1.967,MID,GREEN,2019-01,DECLINE
24,28900,2012,166692,23,609,0,0.07,5.768,LON,REMO,2018-09,REFER
56,32600,16429,27302,12,824,0,0.504,0.837,NE,STD,2020-04,APPROVE
55,12000,7413,43536,24,658,0,0.618,3.628,SW,REMO,2020-04,DECLINE
65,30200,6349,185875,13,589,0,0.21,6.155,NE,STD,2020-04,DECLINE
62,24300,3267,118391,21,707,1,0.134,4.872,NW,STD,2019-02,REFER
23,13700,8392,38077,2,541,0,0.613,2.779,LON,STD,2018-06,DECLINE
52,37600,20733,28355,2,557,0,0.551,0.754,LON,REMO,2018-06,DECLINE
24,59300,40155,160367,13,741,0,0.677,2.704,NW,STD,2018-09,DECLINE
52,79200,27042,256933,3,666,0,0.341,3.244,NW,REMO,2019-01,APPROVE
28,66300,16975,390810,8,765,2,0.256,5.895,NW,STD,2019-11,DECLINE
56,27400,1421,171767,8,521,0,0.052,6.269,SE,REMO,2019-08,DECLINE
19,31500,11691,95144,20,708,0,0.371,3.02,MID,STD,2018-11,APPROVE
19,77400,42116,146663,19,694,0,0.544,1.895,NE,STD,2019-08,APPROVE
31,12700,4210,75775,2,682,0,0.331,5.967,MID,REMO,2019-05,REFER
39,106400,16646,608194,25,523,0,0.156,5.716,SE,STD,2019-05,DECLINE
58,33700,162,213847,10,629,0,0.005,6.346,SE,GREEN,2019-05,DECLINE
48,85600,23746,390032,5,666,1,0.277,4.556,SE,STD,2018-06,REFER
28,100700,174,583090,23,592,0,0.002,5.79,MID,STD,2018-06,REFER
37,12400,23,49688,12,752,0,0.002,4.007,NE,STD,2019-01,APPROVE
48,39500,21594,118199,2,709,2,0.547,2.992,SE,GREEN,2019-05,DECLINE
44,91700,56503,492745,20,621,0,0.616,5.373,NW,GREEN,2020-04,DECLINE
46,38200,11900,210716,15,776,0,0.312,5.516,SE,REMO,2019-03,REFER
47,57600,31504,124051,7,559,0,0.547,2.154,LON,REMO,2019-01,DECLINE
19,18600,3810,69791,1,674,0,0.205,3.752,NW,BRIDGE,2018-06,REFER
24,126800,79757,130387,7,707,0,0.629,1.028,SE,REMO,2019-03,DECLINE
37,58700,34973,328270,23,564,0,0.596,5.592,MID,STD,2019-03,DECLINE
20,34200,532,42487,2,529,0,0.016,1.242,LON,BRIDGE,2020-01,DECLINE
65,22900,6876,102314,0,836,0,0.3,4.468,LON,STD,2019-05,REFER
35,12100,3293,73041,17,691,0,0.272,6.036,LON,BRIDGE,2019-11,DECLINE
47,15600,3801,56359,20,539,0,0.244,3.613,LON,STD,2018-09,DECLINE
21,23900,8035,125806,1,817,0,0.336,5.264,LON,STD,2019-02,REFER
28,94600,34089,445898,20,837,0,0.36,4.714,SE,STD,2020-04,REFER
63,12100,6783,25150,18,813,0,0.561,2.079,NE,STD,2020-04,DECLINE
42,25000,2472,59281,25,783,0,0.099,2.371,LON,BRIDGE,2019-02,APPROVE
65,87400,53080,124552,9,820,0,0.607,1.425,LON,GREEN,2019-02,DECLINE
48,32800,21831,52645,20,683,0,0.666,1.605,NW,REMO,2018-11,DECLINE
32,130300,56806,565518,1,744,2,0.436,4.34,SE,STD,2019-08,DECLINE
44,159800,27110,628134,22,582,0,0.17,3.931,LON,GREEN,2020-01,APPROVE
41,119300,47585,101115,10,613,0,0.399,0.848,NE,BRIDGE,2019-11,APPROVE
46,18100,689,47758,18,700,0,0.038,2.639,LON,BRIDGE,2020-01,APPROVE
65,95500,50824,95217,5,652,2,0.532,0.997,NW,STD,2020-07,DECLINE
22,34700,13540,98564,23,707,0,0.39,2.84,MID,STD,2019-05,APPROVE
63,16100,5458,77966,3,687,3,0.339,4.843,LON,BRIDGE,2019-03,DECLINE
56,36600,25382,57447,7,837,0,0.693,1.57,LON,REMO,2020-07,DECLINE
33,130500,19662,764091,7,785,0,0.151,5.855,MID,REMO,2020-07,REFER
31,64400,41858,360078,23,531,0,0.65,5.591,LON,REMO,2019-08,DECLINE
30,52000,29271,255124,21,735,0,0.563,4.906,MID,REMO,2019-02,DECLINE
41,34800,13790,188609,0,826,0,0.396,5.42,SW,REMO,2019-05,REFER
41,100700,1557,318067,22,686,0,0.015,3.159,NW,REMO,2019-05,APPROVE
27,126900,84871,429341,2,645,0,0.669,3.383,LON,REMO,2018-11,DECLINE
40,98800,42761,99187,25,826,0,0.433,1.004,SE,GREEN,2019-02,REFER
31,31500,16719,145036,18,826,0,0.531,4.604,NW,REMO,2019-11,REFER
22,60100,27413,78360,0,750,0,0.456,1.304,SW,REMO,2019-03,REFER
60,19700,13059,62422,8,771,1,0.663,3.169,SW,GREEN,2019-11,DECLINE
57,12400,2216,54584,25,545,0,0.179,4.402,LON,BRIDGE,2018-09,DECLINE
19,68000,985,280991,4,809,0,0.014,4.132,LON,GREEN,2018-06,APPROVE
26,17300,2229,108789,3,679,0,0.129,6.288,LON,REMO,2019-11,DECLINE
63,168900,71467,371250,11,698,0,0.423,2.198,LON,BRIDGE,2019-02,REFER
53,94500,27276,419334,3,529,0,0.289,4.437,NE,GREEN,2019-05,DECLINE
49,20000,4451,31684,14,786,0,0.223,1.584,LON,STD,2020-01,APPROVE
64,77300,28898,346697,12,537,0,0.374,4.485,SE,BRIDGE,2019-05,DECLINE
31,93400,49279,119737,9,759,0,0.528,1.282,SE,STD,2019-01,REFER
66,67900,1328,235444,5,599,0,0.02,3.468,SE,REMO,2020-04,APPROVE
46,14400,7174,64964,25,753,0,0.498,4.511,NW,STD,2019-11,REFER
45,51200,15860,278822,7,820,0,0.31,5.446,NW,REMO,2019-08,REFER
38,16600,8259,59958,1,673,0,0.498,3.612,LON,STD,2019-08,REFER
41,31300,19463,124146,16,567,3,0.622,3.966,MID,STD,2020-01,DECLINE
25,73200,8631,452448,13,719,1,0.118,6.181,NW,STD,2019-11,DECLINE
29,78800,10058,164560,6,781,0,0.128,2.088,LON,STD,2019-05,APPROVE
21,46500,6,238764,13,590,3,0,5.135,LON,STD,2019-08,DECLINE
52,82100,55000,292768,10,731,0,0.67,3.566,NE,BRIDGE,2020-04,DECLINE
56,68900,20044,47512,14,724,0,0.291,0.69,MID,STD,2019-11,APPROVE
57,120400,580,322936,23,765,0,0.005,2.682,MID,STD,2018-06,APPROVE
67,24300,5054,76525,8,642,0,0.208,3.149,NE,STD,2020-07,APPROVE
21,78400,33446,271358,10,586,0,0.427,3.461,NE,REMO,2019-05,APPROVE
26,116600,73947,342408,11,577,0,0.634,2.937,LON,REMO,2020-07,DECLINE
44,74200,48113,41731,24,524,0,0.648,0.562,LON,STD,2019-05,DECLINE
32,34100,706,109056,16,562,0,0.021,3.198,SE,STD,2019-08,APPROVE
49,17600,1822,105783,10,704,0,0.104,6.01,LON,GREEN,2018-09,DECLINE
64,42800,8897,22110,11,627,0,0.208,0.517,NW,STD,2020-07,APPROVE
53,53800,3542,337245,19,660,0,0.066,6.268,SW,REMO,2018-09,DECLINE
19,12000,5393,40359,15,635,0,0.449,3.363,NW,REMO,2018-06,REFER
43,112800,19920,215119,15,637,0,0.177,1.907,NW,GREEN,2019-02,APPROVE
66,142600,85210,487759,21,725,0,0.598,3.42,LON,STD,2020-04,DECLINE
61,34900,701,111681,17,542,0,0.02,3.2,SW,STD,2019-11,DECLINE
27,121300,23330,495476,21,822,0,0.192,4.085,MID,STD,2018-09,APPROVE
37,42500,21003,169626,6,569,0,0.494,3.991,LON,REMO,2019-11,REFER
50,51300,33888,193109,10,656,0,0.661,3.764,SE,GREEN,2019-11,DECLINE
32,26100,18124,107140,8,775,0,0.694,4.105,LON,STD,2020-07,DECLINE
64,33900,11116,29688,1,795,0,0.328,0.876,SE,STD,2018-09,REFER
30,21300,2328,137999,16,720,1,0.109,6.479,MID,REMO,2019-01,DECLINE
46,34600,14417,61189,7,522,0,0.417,1.768,SE,STD,2018-06,DECLINE
36,32300,12111,52054,5,746,0,0.375,1.612,LON,STD,2018-11,APPROVE
54,45600,13040,202735,24,808,0,0.286,4.446,LON,GREEN,2020-04,APPROVE
58,15300,4646,64231,3,577,0,0.304,4.198,LON,STD,2018-11,APPROVE
19,31400,21962,95529,16,754,0,0.699,3.042,SW,GREEN,2019-03,DECLINE
58,46800,6050,286953,10,606,0,0.129,6.131,NW,STD,2020-04,DECLINE
27,28600,13487,20837,21,785,0,0.472,0.729,SE,GREEN,2019-08,REFER
39,15600,8266,63371,25,539,0,0.53,4.062,MID,GREEN,2018-06,DECLINE
63,76600,2376,375602,20,621,0,0.031,4.903,NW,STD,2018-11,REFER
41,21900,7384,66519,9,766,2,0.337,3.037,NW,REMO,2018-06,DECLINE
60,13100,659,44569,3,723,0,0.05,3.402,MID,STD,2018-09,APPROVE
53,13000,1720,36689,15,801,0,0.132,2.822,LON,GREEN,2020-07,APPROVE
21,103300,68448,314809,24,771,0,0.663,3.048,LON,BRIDGE,2019-05,DECLINE
29,36000,14949,43463,8,538,0,0.415,1.207,NW,GREEN,2018-09,DECLINE
53,76900,25736,99968,17,803,0,0.335,1.3,LON,STD,2018-09,APPROVE
55,44000,1554,243529,18,530,0,0.035,5.535,NW,BRIDGE,2019-11,DECLINE
20,163300,109721,938421,20,557,0,0.672,5.747,SW,STD,2019-02,DECLINE
26,97500,9275,620998,6,698,0,0.095,6.369,NW,REMO,2019-05,DECLINE
42,28300,13773,78304,9,536,2,0.487,2.767,NW,REMO,2018-11,DECLINE
59,15100,4478,39087,9,529,0,0.297,2.589,SW,REMO,2019-05,DECLINE
19,82100,8027,125608,5,544,0,0.098,1.53,MID,STD,2020-07,DECLINE
32,30400,8140,126907,6,524,1,0.268,4.175,LON,STD,2018-06,DECLINE
60,154700,69918,835275,5,529,0,0.452,5.399,NW,REMO,2020-04,DECLINE
38,19800,2791,43085,0,606,0,0.141,2.176,SE,REMO,2019-01,REFER
35,38300,22639,31875,11,653,3,0.591,0.832,MID,STD,2020-01,DECLINE
41,12100,2688,23606,2,620,0,0.222,1.951,SE,STD,2019-02,APPROVE
57,20200,1877,18235,2,572,0,0.093,0.903,NW,REMO,2020-04,APPROVE
30,17500,3584,50736,25,583,2,0.205,2.899,LON,STD,2018-11,DECLINE
46,58400,14268,194798,12,637,0,0.244,3.336,LON,STD,2020-07,APPROVE
56,20500,12957,19788,2,723,0,0.632,0.965,NE,STD,2019-01,DECLINE
41,161200,42688,809304,13,597,0,0.265,5.02,NE,STD,2019-01,APPROVE
37,113300,33599,206586,13,624,3,0.297,1.823,SE,STD,2019-08,DECLINE
22,50100,33843,111963,4,718,0,0.676,2.235,LON,BRIDGE,2019-08,DECLINE
29,87300,34860,376760,2,583,0,0.399,4.316,LON,GREEN,2019-02,APPROVE
50,131500,74003,146276,8,655,0,0.563,1.112,LON,REMO,2019-02,DECLINE
34,54400,32051,224276,3,664,0,0.589,4.123,LON,STD,2019-02,DECLINE
57,39200,4178,214925,15,659,0,0.107,5.483,LON,STD,2019-02,REFER
49,46700,7324,182403,4,715,0,0.157,3.906,SE,STD,2020-04,APPROVE
28,28200,10330,36350,9,636,0,0.366,1.289,LON,STD,2019-05,APPROVE
35,82200,46405,268915,16,819,0,0.565,3.271,MID,REMO,2020-04,DECLINE
34,54800,20949,321926,13,662,0,0.382,5.875,MID,REMO,2019-01,REFER
29,15500,6934,49061,0,702,2,0.447,3.165,LON,STD,2018-06,DECLINE
61,28100,17929,124240,18,735,0,0.638,4.421,SE,GREEN,2018-11,DECLINE
45,62700,41905,255491,20,838,0,0.668,4.075,LON,REMO,2019-05,DECLINE
52,12200,27,50772,15,559,0,0.002,4.162,SE,BRIDGE,2019-01,DECLINE
45,41600,21806,230191,2,655,0,0.524,5.533,MID,REMO,2020-04,REFER
62,15600,7533,89166,25,678,0,0.483,5.716,LON,BRIDGE,2018-06,REFER
46,96800,34933,131714,5,804,0,0.361,1.361,SE,BRIDGE,2019-05,APPROVE
25,80700,17171,57029,25,782,0,0.213,0.707,NE,STD,2020-01,APPROVE
43,19000,1856,112777,1,620,0,0.098,5.936,MID,REMO,2018-06,REFER
68,32900,22000,153548,20,807,0,0.669,4.667,SE,STD,2018-06,DECLINE
52,101500,60663,468476,14,770,0,0.598,4.616,SW,REMO,2020-01,DECLINE
23,45100,9328,27797,1,521,3,0.207,0.616,LON,REMO,2019-02,DECLINE
33,15500,3926,92995,20,528,0,0.253,6,LON,STD,2019-11,DECLINE
59,22900,1289,143801,3,692,2,0.056,6.28,SE,STD,2019-01,DECLINE
22,57000,19114,76453,6,606,0,0.335,1.341,MID,GREEN,2020-01,APPROVE
26,12300,1403,31376,21,795,0,0.114,2.551,LON,STD,2018-11,APPROVE
55,153500,95899,536986,8,656,0,0.625,3.498,LON,STD,2019-11,DECLINE
59,50000,13404,298810,0,608,0,0.268,5.976,LON,GREEN,2019-01,REFER
43,61700,4562,135124,11,610,0,0.074,2.19,NE,REMO,2019-02,APPROVE
60,85500,24976,430498,9,527,0,0.292,5.035,LON,STD,2019-03,DECLINE
49,38500,15954,194464,0,694,1,0.414,5.051,MID,REMO,2019-08,REFER
34,12200,6211,72695,14,785,0,0.509,5.959,SE,BRIDGE,2019-01,REFER
24,60700,41763,136539,21,746,1,0.688,2.249,SW,STD,2020-07,DECLINE
36,45900,88,126532,10,657,3,0.002,2.757,NW,REMO,2020-04,DECLINE
36,28500,6988,111183,20,816,0,0.245,3.901,NW,GREEN,2020-07,APPROVE
56,95100,794,252622,8,799,0,0.008,2.656,LON,REMO,2019-11,APPROVE
41,14600,7882,62535,23,532,0,0.54,4.283,MID,STD,2019-02,DECLINE
50,31400,17728,46886,15,560,0,0.565,1.493,MID,GREEN,2019-02,DECLINE
45,26800,17589,49946,5,795,0,0.656,1.864,LON,STD,2019-03,DECLINE
34,12400,171,44320,5,773,0,0.014,3.574,SE,REMO,2020-04,APPROVE
54,84100,32971,255679,14,523,0,0.392,3.04,SE,GREEN,2018-06,DECLINE
52,28200,14499,20114,24,567,2,0.514,0.713,NE,STD,2019-03,DECLINE
50,24800,10693,118230,18,811,0,0.431,4.767,MID,GREEN,2019-01,REFER
49,58500,32198,152957,3,769,1,0.55,2.615,MID,STD,2020-01,DECLINE
59,97600,65708,622075,14,674,0,0.673,6.374,LON,BRIDGE,2018-09,DECLINE
22,78700,9255,328388,5,716,0,0.118,4.173,SW,STD,2019-02,APPROVE
36,21500,7022,128500,6,524,0,0.327,5.977,MID,STD,2018-09,DECLINE
28,69700,8293,63860,20,578,2,0.119,0.916,NE,GREEN,2019-03,DECLINE
52,25400,11979,125774,2,719,0,0.472,4.952,SE,GREEN,2020-01,REFER
67,14300,7314,62470,25,560,0,0.511,4.369,NE,GREEN,2019-03,APPROVE
34,106300,25935,583375,25,782,0,0.244,5.488,LON,GREEN,2019-01,REFER
54,32300,3576,96634,0,528,0,0.111,2.992,MID,REMO,2020-04,DECLINE
50,31500,17866,55114,25,681,0,0.567,1.75,NE,GREEN,2019-03,DECLINE
51,16300,10032,42335,18,781,0,0.615,2.597,SW,STD,2020-01,DECLINE
61,101000,39996,478261,0,581,2,0.396,4.735,LON,BRIDGE,2020-04,DECLINE
29,70600,23522,458263,23,712,0,0.333,6.491,MID,REMO,2018-09,DECLINE
61,75400,23160,106188,6,824,2,0.307,1.408,LON,REMO,2020-01,DECLINE
42,130800,24462,288468,17,572,0,0.187,2.205,LON,STD,2019-03,APPROVE
49,98700,35001,217042,1,628,3,0.355,2.199,NW,STD,2018-06,DECLINE
28,54400,1114,247862,12,520,2,0.02,4.556,NW,STD,2019-05,DECLINE
38,98000,56488,385664,7,668,2,0.576,3.935,LON,REMO,2019-08,DECLINE
62,29700,1832,153162,10,790,1,0.062,5.157,NW,REMO,2019-11,REFER
24,38400,5353,55655,19,560,0,0.139,1.449,LON,STD,2018-09,APPROVE
20,20600,12075,57365,5,812,0,0.586,2.785,NE,REMO,2020-04,DECLINE
20,127700,30313,239115,10,588,3,0.237,1.872,LON,STD,2019-02,DECLINE
60,20800,12515,21689,4,687,0,0.602,1.043,MID,STD,2020-04,DECLINE
57,80500,34061,199924,4,599,0,0.423,2.484,LON,STD,2018-09,REFER
44,14200,3820,87962,19,736,0,0.269,6.195,LON,GREEN,2020-07,DECLINE
30,81600,24358,424789,0,803,0,0.299,5.206,LON,STD,2020-01,REFER
26,47000,2421,46057,0,743,0,0.052,0.98,MID,STD,2019-02,REFER
63,90000,28967,164273,15,559,0,0.322,1.825,MID,STD,2019-01,DECLINE
45,47800,26905,66626,17,588,0,0.563,1.394,LON,STD,2018-06,DECLINE
61,36000,22595,73047,23,684,0,0.628,2.029,MID,STD,2019-02,DECLINE
57,20400,6978,119709,10,644,0,0.342,5.868,MID,GREEN,2018-11,REFER
61,32300,11844,20703,13,728,0,0.367,0.641,NW,STD,2019-08,APPROVE
25,18200,12197,27711,2,569,0,0.67,1.523,LON,BRIDGE,2019-08,DECLINE
41,12500,7017,34551,12,765,0,0.561,2.764,LON,REMO,2019-11,DECLINE
31,129500,5661,684816,19,743,0,0.044,5.288,MID,GREEN,2019-01,REFER
22,20400,11028,68463,16,720,0,0.541,3.356,LON,REMO,2020-01,REFER
45,12100,3613,12162,1,831,1,0.299,1.005,LON,STD,2019-02,REFER
27,53000,32304,182188,3,826,0,0.61,3.438,MID,GREEN,2018-09,DECLINE
30,14000,4211,74357,7,574,0,0.301,5.311,SE,REMO,2019-03,REFER
30,27000,16530,149268,12,823,0,0.612,5.528,MID,GREEN,2019-05,DECLINE
25,12400,8148,67542,1,616,0,0.657,5.447,SE,STD,2019-01,DECLINE
30,19400,13437,54707,15,760,0,0.693,2.82,NW,STD,2019-01,DECLINE
49,29500,17190,56874,10,547,0,0.583,1.928,NW,STD,2019-02,DECLINE
32,99800,15521,592290,3,645,0,0.156,5.935,SE,STD,2019-03,REFER
26,14700,1730,25657,22,566,0,0.118,1.745,SE,BRIDGE,2018-11,APPROVE
40,80700,19706,132941,6,797,0,0.244,1.647,MID,GREEN,2020-04,APPROVE
35,52600,7995,26582,1,619,0,0.152,0.505,MID,STD,2018-11,REFER
19,63000,13334,197858,2,694,1,0.212,3.141,MID,GREEN,2020-01,APPROVE
58,17700,446,49438,5,779,0,0.025,2.793,NW,STD,2020-01,APPROVE
26,23500,5150,97428,4,710,0,0.219,4.146,SE,STD,2020-04,APPROVE
26,36000,1231,210984,8,784,0,0.034,5.861,LON,STD,2018-11,REFER
48,22200,5098,78584,25,664,2,0.23,3.54,SE,STD,2020-01,DECLINE
23,13100,6202,26279,20,819,0,0.473,2.006,SW,GREEN,2019-03,REFER
56,134000,51356,154998,16,725,0,0.383,1.157,NE,STD,2019-08,APPROVE
51,20100,13780,48498,4,655,0,0.686,2.413,NE,GREEN,2020-04,DECLINE
43,41100,15252,109623,25,719,0,0.371,2.667,SE,REMO,2018-06,APPROVE
46,40700,18076,136916,23,580,0,0.444,3.364,LON,REMO,2019-03,REFER
30,35900,7096,96459,5,732,0,0.198,2.687,NE,REMO,2020-07,APPROVE
64,14400,3362,62006,25,698,0,0.233,4.306,NW,STD,2018-11,APPROVE
45,52500,21760,321605,4,643,0,0.414,6.126,SE,REMO,2019-08,DECLINE
45,64000,16679,41180,3,570,2,0.261,0.643,NE,REMO,2019-03,DECLINE
30,31900,1831,128834,3,642,0,0.057,4.039,NE,REMO,2018-11,APPROVE
20,13000,5435,46857,14,564,0,0.418,3.604,NW,GREEN,2019-02,REFER
40,16600,7178,41463,16,533,2,0.432,2.498,MID,STD,2019-02,DECLINE
58,104200,47890,601409,12,748,0,0.46,5.772,SE,STD,2020-07,REFER
55,52200,28088,203437,11,641,2,0.538,3.897,MID,STD,2020-01,DECLINE
36,28300,17880,166173,10,671,3,0.632,5.872,NE,REMO,2020-07,DECLINE
46,83100,11874,380143,2,763,0,0.143,4.575,LON,BRIDGE,2018-06,REFER
32,111600,32425,644823,0,655,0,0.291,5.778,MID,BRIDGE,2019-01,REFER
24,78200,10583,233999,14,833,0,0.135,2.992,MID,STD,2020-01,APPROVE
44,29400,10330,190141,8,577,0,0.351,6.467,SE,STD,2019-11,DECLINE
19,36400,16369,80114,18,523,0,0.45,2.201,LON,STD,2019-05,DECLINE
54,26300,5542,51364,25,560,0,0.211,1.953,LON,STD,2019-08,APPROVE
63,92400,28604,184370,20,576,0,0.31,1.995,SE,STD,2019-05,APPROVE
42,44700,8269,195854,17,600,0,0.185,4.382,MID,STD,2019-05,APPROVE
30,19300,7123,60138,6,584,0,0.369,3.116,LON,STD,2019-01,APPROVE
24,51100,23359,180912,6,664,0,0.457,3.54,LON,REMO,2019-02,REFER
23,14200,6141,38578,1,635,0,0.432,2.717,MID,STD,2020-07,REFER
52,125700,12181,487870,25,666,0,0.097,3.881,NW,REMO,2019-08,APPROVE
44,43300,7222,180368,8,815,0,0.167,4.166,LON,REMO,2020-01,APPROVE
64,35100,994,122475,18,774,2,0.028,3.489,SE,STD,2019-03,DECLINE
55,78900,24787,73660,10,647,0,0.314,0.934,NW,REMO,2019-05,APPROVE
51,15200,8379,86446,7,817,0,0.551,5.687,LON,GREEN,2020-07,DECLINE
53,14600,7614,60816,18,650,0,0.522,4.165,MID,REMO,2019-11,REFER
47,116900,31219,314298,6,602,0,0.267,2.689,LON,STD,2020-04,APPROVE
52,45000,30665,146312,13,664,0,0.681,3.251,MID,STD,2019-01,DECLINE
31,19700,12726,66688,1,607,0,0.646,3.385,MID,REMO,2019-01,DECLINE
27,13300,5775,10269,21,724,0,0.434,0.772,LON,REMO,2018-09,REFER
64,108100,61146,151138,7,680,0,0.566,1.398,NE,STD,2020-04,DECLINE
58,37500,21644,89319,21,585,0,0.577,2.382,SE,STD,2019-08,DECLINE
59,32400,1199,104951,19,575,0,0.037,3.239,LON,REMO,2018-11,APPROVE
39,12700,3685,37298,3,820,0,0.29,2.937,NW,REMO,2019-02,APPROVE
39,109200,69658,615215,6,671,0,0.638,5.634,MID,REMO,2019-08,DECLINE
63,24500,2861,132711,11,606,3,0.117,5.417,SW,GREEN,2018-09,DECLINE
50,16100,8494,73291,10,709,0,0.528,4.552,SW,REMO,2019-03,REFER
67,29300,3761,132379,20,785,0,0.128,4.518,NW,REMO,2019-01,REFER
53,33400,3042,102971,7,573,0,0.091,3.083,LON,REMO,2019-08,APPROVE
42,30900,901,165595,3,756,0,0.029,5.359,LON,GREEN,2020-04,REFER
29,152500,100631,608420,24,599,0,0.66,3.99,LON,STD,2020-01,DECLINE
57,49600,20603,266851,23,726,0,0.415,5.38,SE,STD,2019-02,REFER
29,70500,21984,201895,22,677,1,0.312,2.864,MID,GREEN,2019-08,APPROVE
67,12300,3655,10410,21,539,1,0.297,0.846,MID,STD,2018-06,DECLINE
67,39800,14793,88834,19,788,0,0.372,2.232,LON,STD,2018-09,APPROVE
35,30900,15925,76261,20,824,0,0.515,2.468,NE,STD,2018-06,APPROVE
56,24500,3636,38875,16,695,0,0.148,1.587,SE,BRIDGE,2019-02,APPROVE
52,18100,1120,103093,2,779,0,0.062,5.696,NW,GREEN,2019-02,REFER
31,84700,25613,106982,13,588,1,0.302,1.263,LON,STD,2018-11,APPROVE
44,82500,14246,418712,4,837,1,0.173,5.075,LON,STD,2020-04,REFER
60,121100,59425,612561,8,559,0,0.491,5.058,LON,REMO,2020-01,DECLINE
35,50800,32376,266747,20,837,0,0.637,5.251,SE,STD,2018-06,DECLINE
27,46000,1370,65116,15,696,0,0.03,1.416,SE,STD,2019-01,APPROVE
60,13000,8456,39348,13,644,0,0.65,3.027,MID,STD,2019-01,DECLINE
39,77900,6347,358638,18,528,0,0.081,4.604,NE,STD,2019-05,DECLINE
36,83100,40517,195286,13,734,0,0.488,2.35,LON,STD,2020-04,REFER
39,113000,64822,317217,19,638,0,0.574,2.807,LON,STD,2019-03,DECLINE
50,12700,3645,79370,4,721,0,0.287,6.25,NW,GREEN,2020-07,DECLINE
39,60300,5010,246712,22,693,0,0.083,4.091,SE,REMO,2019-08,APPROVE
60,51300,14044,281624,20,702,3,0.274,5.49,NW,GREEN,2019-01,DECLINE
41,47400,16425,220321,9,598,0,0.347,4.648,NW,STD,2020-07,REFER
44,18000,8753,63403,2,746,0,0.486,3.522,MID,REMO,2019-11,REFER
51,22500,2177,16734,24,755,0,0.097,0.744,LON,BRIDGE,2018-09,APPROVE
38,53500,29979,117815,17,813,0,0.56,2.202,SW,GREEN,2019-08,DECLINE
32,27800,2569,117156,4,807,0,0.092,4.214,LON,GREEN,2020-01,APPROVE
43,67200,2988,87335,19,529,1,0.044,1.3,LON,STD,2019-05,DECLINE
36,132300,31105,540422,1,645,0,0.235,4.085,NW,REMO,2018-11,REFER
60,90100,50067,506624,9,567,0,0.556,5.623,LON,STD,2020-07,DECLINE
23,20800,4511,128070,24,568,2,0.217,6.157,LON,STD,2018-06,DECLINE
56,53100,35261,31505,17,803,0,0.664,0.593,SW,STD,2019-02,DECLINE
64,49100,9702,170493,2,530,2,0.198,3.472,NW,REMO,2019-02,DECLINE
49,25800,688,158529,22,811,0,0.027,6.145,LON,REMO,2020-04,DECLINE
39,48000,14399,269097,25,815,2,0.3,5.606,LON,GREEN,2019-03,DECLINE
49,61000,35525,336135,1,680,0,0.582,5.51,LON,STD,2018-06,DECLINE
45,125900,53722,229198,22,663,0,0.427,1.82,MID,REMO,2018-06,REFER
40,47000,6854,207660,15,818,0,0.146,4.418,SE,STD,2019-03,APPROVE
24,52200,12122,227435,22,818,0,0.232,4.357,LON,REMO,2018-06,APPROVE
41,53000,3777,304137,15,664,0,0.071,5.738,LON,STD,2019-05,REFER
51,147900,56166,953714,5,652,0,0.38,6.448,NW,REMO,2018-06,DECLINE
48,127400,50393,518938,16,686,0,0.396,4.073,LON,GREEN,2019-08,APPROVE
62,23900,9459,60932,0,542,0,0.396,2.549,LON,GREEN,2020-04,DECLINE
20,98700,19169,258979,12,576,0,0.194,2.624,NW,STD,2018-09,APPROVE
46,38600,606,72260,3,579,0,0.016,1.872,LON,STD,2020-04,APPROVE
46,53900,31358,65639,9,567,0,0.582,1.218,NE,GREEN,2019-05,DECLINE
68,76000,14620,144001,0,754,0,0.192,1.895,NE,STD,2018-06,REFER
57,42100,1701,93446,12,610,0,0.04,2.22,MID,STD,2019-01,APPROVE
47,108200,12521,340993,7,522,0,0.116,3.152,SW,GREEN,2019-01,DECLINE
60,18200,6190,81302,11,630,1,0.34,4.467,NW,REMO,2018-11,APPROVE
24,50700,11477,182337,22,522,1,0.226,3.596,SE,STD,2020-04,DECLINE
63,40900,8936,74107,20,810,0,0.218,1.812,NE,STD,2019-08,APPROVE
24,36500,17527,211606,8,827,0,0.48,5.797,LON,STD,2019-08,REFER
38,124800,29041,806878,4,662,0,0.233,6.465,LON,STD,2018-06,DECLINE
55,81600,45425,482856,22,763,0,0.557,5.917,SE,REMO,2019-08,DECLINE
61,18400,6516,107496,6,797,3,0.354,5.842,MID,STD,2019-08,DECLINE
51,24200,5490,28693,13,548,0,0.227,1.186,SW,GREEN,2019-08,DECLINE
55,18300,11764,92683,12,559,0,0.643,5.065,MID,BRIDGE,2018-06,DECLINE
68,66000,18174,141591,5,774,0,0.275,2.145,MID,STD,2020-01,APPROVE
35,16300,7284,95584,20,808,0,0.447,5.864,MID,GREEN,2019-08,REFER
67,37700,23949,92720,8,789,0,0.635,2.459,NE,REMO,2020-07,DECLINE
27,64800,18742,140327,9,733,0,0.289,2.166,NW,STD,2020-07,APPROVE
34,29600,17148,175495,15,760,3,0.579,5.929,NW,REMO,2018-11,DECLINE
61,49400,24433,82359,6,584,0,0.495,1.667,LON,REMO,2019-11,REFER
49,42700,25011,210336,15,769,0,0.586,4.926,SW,REMO,2020-07,DECLINE
36,121700,57127,254378,18,706,0,0.469,2.09,NW,BRIDGE,2020-01,REFER
21,21200,5988,93996,19,589,0,0.282,4.434,MID,GREEN,2018-11,APPROVE
45,34300,4370,196189,16,520,0,0.127,5.72,LON,REMO,2019-05,DECLINE
65,38600,24840,238296,0,753,1,0.644,6.173,NW,STD,2018-09,DECLINE
67,30000,18258,48355,12,609,0,0.609,1.612,LON,REMO,2018-09,DECLINE
32,89900,18460,233293,4,521,1,0.205,2.595,NE,BRIDGE,2019-02,DECLINE
61,72700,40792,456132,21,809,0,0.561,6.274,LON,STD,2020-01,DECLINE
61,61600,6624,202844,4,777,0,0.108,3.293,SW,REMO,2018-09,APPROVE
55,69100,2444,358808,16,587,0,0.035,5.193,LON,STD,2020-01,REFER
31,13800,3486,27319,13,729,0,0.253,1.98,MID,STD,2019-11,APPROVE
42,109800,307,582131,1,814,0,0.003,5.302,SE,STD,2018-09,REFER
57,95200,10876,413089,17,811,0,0.114,4.339,NW,STD,2018-09,APPROVE
64,51800,30956,292267,7,778,0,0.598,5.642,LON,STD,2019-05,DECLINE
39,117500,51891,462541,0,801,0,0.442,3.937,NW,REMO,2019-02,REFER
53,32100,17386,160877,15,611,0,0.542,5.012,SW,STD,2019-02,REFER
58,38700,10496,121100,14,739,0,0.271,3.129,LON,STD,2020-07,APPROVE
37,15300,7164,49161,4,593,0,0.468,3.213,MID,REMO,2020-04,REFER
59,111100,45987,611818,5,531,0,0.414,5.507,LON,BRIDGE,2019-03,DECLINE
62,14300,8931,25071,22,634,1,0.625,1.753,LON,STD,2018-11,DECLINE
63,64900,22731,399338,11,713,0,0.35,6.153,NW,STD,2019-05,DECLINE
28,33400,8381,51535,7,566,0,0.251,1.543,NE,REMO,2019-01,APPROVE
59,96400,33800,96688,2,777,0,0.351,1.003,SE,REMO,2020-04,APPROVE
52,41500,25938,191437,10,833,0,0.625,4.613,LON,REMO,2018-09,DECLINE
47,112500,72901,588206,6,656,0,0.648,5.228,LON,STD,2019-08,DECLINE
49,74800,26686,412479,13,651,0,0.357,5.514,LON,GREEN,2018-06,REFER
30,19100,7033,29427,6,804,0,0.368,1.541,SE,REMO,2018-11,APPROVE
35,15800,6035,96199,12,653,0,0.382,6.089,NW,REMO,2020-07,DECLINE
33,20300,1754,25817,4,530,0,0.086,1.272,LON,STD,2018-09,DECLINE
57,60900,41863,183397,2,791,0,0.687,3.011,LON,GREEN,2018-11,DECLINE
36,17600,7735,56774,5,599,0,0.439,3.226,LON,GREEN,2019-05,REFER
22,114600,20034,65835,10,605,0,0.175,0.574,MID,STD,2019-05,APPROVE
67,12100,4815,66959,18,627,0,0.398,5.534,NW,REMO,2019-03,REFER
41,67800,19093,182770,4,533,0,0.282,2.696,MID,GREEN,2019-08,DECLINE
29,114600,45887,401246,1,750,0,0.4,3.501,SE,GREEN,2019-08,REFER
25,46200,9137,168849,12,686,1,0.198,3.655,MID,REMO,2018-06,APPROVE
53,64600,30045,305867,15,549,0,0.465,4.735,LON,REMO,2018-06,DECLINE
51,72500,27352,470459,11,605,0,0.377,6.489,NW,STD,2020-07,DECLINE
41,42800,23142,78209,8,645,0,0.541,1.827,NW,BRIDGE,2019-01,REFER
55,110500,265,158965,15,610,0,0.002,1.439,NW,STD,2018-11,APPROVE
53,74000,24895,115684,2,717,0,0.336,1.563,SW,REMO,2020-07,APPROVE
33,127200,54060,69428,23,668,0,0.425,0.546,NW,STD,2020-01,REFER
62,140900,81974,241872,24,727,0,0.582,1.717,SE,GREEN,2019-05,DECLINE
52,25300,14535,27164,25,598,0,0.575,1.074,SE,REMO,2020-07,DECLINE
19,52600,30638,110589,22,634,0,0.582,2.102,SE,STD,2018-09,DECLINE
20,74500,34201,130512,2,839,0,0.459,1.752,SE,REMO,2020-04,REFER
43,94100,57342,594256,23,646,0,0.609,6.315,LON,STD,2020-07,DECLINE
65,65400,13047,64765,15,730,0,0.199,0.99,SW,GREEN,2018-06,APPROVE
27,16000,7211,103230,9,790,0,0.451,6.452,MID,REMO,2019-01,DECLINE
46,31900,424,45655,17,788,0,0.013,1.431,NW,GREEN,2019-11,APPROVE
58,92500,41817,416506,8,694,1,0.452,4.503,LON,STD,2019-11,REFER
49,100100,14153,374903,15,736,0,0.141,3.745,LON,BRIDGE,2019-03,APPROVE
46,27200,8593,76118,4,779,0,0.316,2.798,SE,STD,2019-11,APPROVE
37,13900,5864,32912,11,565,0,0.422,2.368,LON,STD,2018-11,REFER
43,30300,19798,78498,15,821,0,0.653,2.591,LON,REMO,2020-01,DECLINE
32,41400,14240,185018,24,673,0,0.344,4.469,NW,REMO,2019-05,APPROVE
26,54400,34720,275743,24,666,0,0.638,5.069,LON,STD,2019-05,DECLINE
25,109500,11262,492044,25,580,0,0.103,4.494,LON,REMO,2019-01,APPROVE
22,48100,19863,38919,11,746,0,0.413,0.809,MID,STD,2019-08,REFER
42,50200,15638,59831,17,590,0,0.312,1.192,LON,REMO,2019-03,APPROVE
50,141000,16034,703774,16,777,0,0.114,4.991,NE,STD,2019-05,APPROVE
53,82500,44347,459759,13,648,0,0.538,5.573,MID,REMO,2020-07,REFER
49,109800,54367,269216,12,530,0,0.495,2.452,LON,REMO,2020-04,DECLINE
29,49600,10668,127844,25,609,0,0.215,2.578,SE,STD,2018-11,APPROVE
60,41200,15198,51472,11,786,0,0.369,1.249,LON,STD,2018-11,APPROVE
65,34600,17443,61668,24,725,0,0.504,1.782,SE,STD,2019-08,REFER
40,20400,9977,35784,0,775,2,0.489,1.754,LON,STD,2019-03,DECLINE
25,164100,39937,993368,23,535,0,0.243,6.053,MID,REMO,2019-02,DECLINE
21,75900,14756,292088,17,766,0,0.194,3.848,NW,BRIDGE,2019-01,APPROVE
64,96500,13888,171294,15,733,0,0.144,1.775,MID,STD,2018-11,APPROVE
33,14000,8890,67320,6,683,0,0.635,4.809,SW,STD,2019-11,DECLINE
28,24500,15799,90277,9,586,0,0.645,3.685,MID,GREEN,2019-05,DECLINE
51,25500,4310,33190,0,712,0,0.169,1.302,NW,BRIDGE,2020-01,REFER
57,157400,17900,869969,9,533,0,0.114,5.527,MID,STD,2018-06,DECLINE
49,16700,10607,55640,20,609,2,0.635,3.332,MID,BRIDGE,2019-03,DECLINE
40,13400,6230,32764,1,692,0,0.465,2.445,NE,GREEN,2020-01,REFER
30,48100,30681,136795,10,545,0,0.638,2.844,NW,REMO,2020-07,DECLINE
31,32900,19329,139479,20,801,0,0.588,4.239,MID,STD,2018-11,DECLINE
23,61000,844,294741,21,591,1,0.014,4.832,SE,STD,2020-01,REFER
62,52100,27323,261814,23,558,0,0.524,5.025,LON,BRIDGE,2018-09,DECLINE
37,91300,48019,400884,5,579,1,0.526,4.391,SE,STD,2019-01,REFER
51,28300,17359,44458,6,723,0,0.613,1.571,NW,REMO,2019-05,DECLINE
62,78200,45026,92734,11,620,0,0.576,1.186,SE,STD,2019-01,DECLINE
27,12200,6178,21296,14,753,0,0.506,1.746,LON,GREEN,2020-01,REFER
32,23500,12619,61177,24,753,0,0.537,2.603,LON,REMO,2020-01,REFER
43,15000,6517,44049,1,690,0,0.434,2.937,SE,REMO,2019-08,REFER
57,105200,25159,586088,13,575,0,0.239,5.571,NW,STD,2020-04,REFER
67,77700,22061,249312,12,600,0,0.284,3.209,NE,GREEN,2019-01,APPROVE
52,67200,8037,69202,18,828,0,0.12,1.03,LON,STD,2019-08,APPROVE
46,25700,3169,130450,6,579,0,0.123,5.076,LON,REMO,2019-05,REFER
68,15300,9421,38900,24,782,0,0.616,2.542,LON,GREEN,2018-09,DECLINE
36,60000,8652,34958,10,738,3,0.144,0.583,LON,STD,2018-09,DECLINE
52,16000,9184,12156,18,742,0,0.574,0.76,NW,BRIDGE,2019-02,DECLINE
36,82500,45080,521804,5,793,0,0.546,6.325,LON,STD,2019-01,DECLINE
64,32900,2885,185818,4,730,0,0.088,5.648,NW,STD,2020-01,REFER
35,49300,28421,106751,3,674,0,0.576,2.165,LON,STD,2020-04,DECLINE
38,40300,22258,21184,24,538,1,0.552,0.526,NE,STD,2019-01,DECLINE
50,29700,14267,51200,11,689,0,0.48,1.724,MID,STD,2020-07,REFER
43,13000,1138,63689,6,637,1,0.088,4.899,SW,STD,2018-09,REFER
64,167500,11021,254045,0,676,0,0.066,1.517,SE,STD,2020-04,REFER
23,14300,6001,11479,4,804,0,0.42,0.803,MID,STD,2018-11,REFER
55,74300,27258,266231,13,618,0,0.367,3.583,NW,STD,2019-02,APPROVE
49,38600,20830,160728,20,525,0,0.54,4.164,SE,STD,2018-06,DECLINE
50,56800,29157,238082,2,596,0,0.513,4.192,SE,STD,2019-03,REFER
21,16200,8581,40093,7,593,0,0.53,2.475,LON,STD,2019-01,REFER
54,59700,4623,85847,19,775,0,0.077,1.438,LON,GREEN,2019-03,APPROVE
36,102900,720,631553,5,561,0,0.007,6.138,NW,REMO,2019-08,DECLINE
48,144100,44035,178129,20,671,0,0.306,1.236,LON,STD,2019-01,APPROVE
64,29900,2383,124176,1,785,0,0.08,4.153,SE,STD,2020-04,REFER
37,70900,29951,132132,7,617,0,0.422,1.864,SE,GREEN,2018-11,REFER
46,34600,6375,103876,12,757,0,0.184,3.002,LON,STD,2019-08,APPROVE
60,119900,46146,136311,17,624,0,0.385,1.137,LON,BRIDGE,2019-05,APPROVE
61,129800,30064,360566,12,603,0,0.232,2.778,MID,STD,2020-01,APPROVE
35,23100,7881,38993,22,735,0,0.341,1.688,SE,STD,2019-08,APPROVE
23,51000,16279,90549,8,569,0,0.319,1.775,MID,REMO,2018-11,APPROVE
46,108300,38161,557754,0,754,0,0.352,5.15,LON,STD,2019-08,REFER
31,28600,10864,148680,12,540,2,0.38,5.199,MID,GREEN,2019-11,DECLINE
43,45400,2658,124725,10,620,0,0.059,2.747,SE,STD,2018-11,APPROVE
30,44300,30438,259632,20,838,0,0.687,5.861,LON,REMO,2019-02,DECLINE
22,25000,10407,83385,1,726,0,0.416,3.335,LON,GREEN,2019-01,REFER
26,20600,7257,121305,16,524,0,0.352,5.889,LON,STD,2020-01,DECLINE
37,71500,42132,433351,9,774,0,0.589,6.061,SW,REMO,2019-08,DECLINE
64,32000,18800,172862,5,584,0,0.588,5.402,LON,GREEN,2020-04,DECLINE
54,130200,9161,813821,1,650,0,0.07,6.251,NW,STD,2019-03,DECLINE
68,126900,21836,615782,14,715,0,0.172,4.852,LON,STD,2019-08,REFER
37,51500,3480,96620,11,643,0,0.068,1.876,NW,REMO,2019-05,APPROVE
58,81400,17949,169165,0,548,0,0.221,2.078,NW,STD,2019-02,DECLINE
37,49500,6039,122530,7,834,0,0.122,2.475,SE,GREEN,2019-02,APPROVE
50,96300,6720,443537,6,736,0,0.07,4.606,MID,REMO,2018-09,REFER
32,51900,9349,305492,24,707,0,0.18,5.886,LON,REMO,2019-03,REFER
21,139700,67673,247331,22,661,3,0.484,1.77,MID,BRIDGE,2019-05,DECLINE
28,56900,3589,39010,3,624,0,0.063,0.686,NW,GREEN,2018-06,APPROVE
41,25100,15954,99443,7,557,0,0.636,3.962,SE,STD,2019-01,DECLINE
54,69300,17243,98461,16,658,0,0.249,1.421,NW,BRIDGE,2018-09,APPROVE
31,89800,62021,387721,9,526,0,0.691,4.318,LON,STD,2018-06,DECLINE
20,36700,21483,198534,24,620,3,0.585,5.41,MID,REMO,2019-11,DECLINE
20,153900,26209,276938,18,577,3,0.17,1.799,SE,STD,2019-03,DECLINE
55,97300,31246,591542,15,652,0,0.321,6.08,MID,STD,2018-11,DECLINE
30,114300,3674,419376,3,592,0,0.032,3.669,LON,STD,2018-06,APPROVE
53,23700,7305,108632,7,535,0,0.308,4.584,LON,STD,2018-11,DECLINE
63,55500,2084,279057,9,657,0,0.038,5.028,NW,GREEN,2018-06,REFER
26,111100,62337,621323,11,767,0,0.561,5.592,SE,STD,2019-03,DECLINE
54,75900,50857,412156,11,574,0,0.67,5.43,NW,STD,2019-01,DECLINE
44,126200,39135,741574,19,668,0,0.31,5.876,NE,STD,2020-01,APPROVE
21,21600,626,72986,13,587,0,0.029,3.379,NE,REMO,2019-03,APPROVE
27,22600,3224,133833,12,788,0,0.143,5.922,NW,BRIDGE,2019-11,REFER
41,59900,18392,360213,20,676,0,0.307,6.014,NW,STD,2020-07,DECLINE
56,63700,33052,168706,25,669,0,0.519,2.648,MID,BRIDGE,2020-07,REFER
53,37800,3120,132945,23,771,0,0.083,3.517,NE,STD,2019-01,APPROVE
58,12300,2749,12421,9,607,0,0.223,1.01,NW,REMO,2020-01,APPROVE
53,109300,2849,687568,1,774,0,0.026,6.291,MID,STD,2020-07,DECLINE
37,29500,3547,79033,19,707,0,0.12,2.679,NW,STD,2020-07,APPROVE
41,83400,47488,335408,2,676,0,0.569,4.022,LON,STD,2019-01,DECLINE
32,108900,8307,465358,1,729,0,0.076,4.273,LON,GREEN,2020-04,REFER
28,39200,8021,101920,10,585,0,0.205,2.6,LON,GREEN,2018-09,APPROVE
53,19100,6645,41379,23,834,2,0.348,2.166,LON,REMO,2018-11,DECLINE
46,19100,6423,117713,16,596,0,0.336,6.163,SE,REMO,2020-01,DECLINE
58,112200,51019,56669,0,537,0,0.455,0.505,LON,STD,2019-11,DECLINE
43,26300,13130,52233,16,805,0,0.499,1.986,NW,BRIDGE,2019-05,REFER
44,13500,8960,53168,11,761,0,0.664,3.938,LON,STD,2019-01,DECLINE
41,25600,7977,158925,1,686,0,0.312,6.208,NE,STD,2019-03,DECLINE
22,102100,67246,613166,8,583,0,0.659,6.006,SW,BRIDGE,2019-02,DECLINE
19,150500,68823,312884,7,754,0,0.457,2.079,LON,STD,2020-07,REFER
36,56600,33625,248068,0,676,0,0.594,4.383,SE,BRIDGE,2019-01,DECLINE
52,31000,7408,93622,12,787,0,0.239,3.02,SE,STD,2020-07,APPROVE
60,25400,6538,82931,15,569,0,0.257,3.265,SE,GREEN,2018-06,APPROVE
34,48800,31197,191589,16,688,0,0.639,3.926,LON,BRIDGE,2019-05,DECLINE
40,23300,10943,109874,24,528,0,0.47,4.716,LON,STD,2019-01,DECLINE
39,109800,14884,351806,14,565,0,0.136,3.204,LON,STD,2019-05,APPROVE
58,12900,7752,20640,3,767,0,0.601,1.6,SW,STD,2018-09,DECLINE
42,61500,18326,252287,9,532,0,0.298,4.102,LON,STD,2019-05,DECLINE
41,37600,20585,224654,21,768,0,0.547,5.975,MID,STD,2018-06,REFER
55,90500,3283,334966,20,547,3,0.036,3.701,NE,GREEN,2020-07,DECLINE
50,27600,1175,111072,16,648,0,0.043,4.024,MID,STD,2020-04,APPROVE
66,73300,19411,418426,11,677,0,0.265,5.708,MID,REMO,2019-02,REFER
48,20000,8468,113983,10,779,0,0.423,5.699,LON,STD,2018-09,REFER
59,147000,37675,571744,4,801,0,0.256,3.889,SE,GREEN,2019-01,APPROVE
46,56000,9098,335296,10,551,0,0.162,5.987,LON,STD,2018-11,DECLINE
49,58400,37936,219230,9,777,0,0.65,3.754,SE,GREEN,2020-07,DECLINE
68,43200,4353,158269,14,652,0,0.101,3.664,NE,REMO,2019-02,APPROVE
66,75600,48676,120204,24,817,0,0.644,1.59,SW,STD,2018-11,DECLINE
19,19900,6621,84225,3,628,0,0.333,4.232,LON,STD,2019-05,APPROVE
62,62800,43561,167937,4,650,0,0.694,2.674,MID,STD,2018-06,DECLINE
34,113900,29327,400547,21,773,0,0.257,3.517,SE,REMO,2018-11,APPROVE
20,74000,1075,328304,0,827,0,0.015,4.437,LON,STD,2019-05,REFER
54,76400,20767,210446,11,641,2,0.272,2.755,NE,BRIDGE,2019-11,DECLINE
22,136700,7113,71520,18,621,0,0.052,0.523,LON,STD,2019-08,APPROVE
28,65000,22376,329352,19,781,0,0.344,5.067,SW,STD,2018-06,REFER
19,25700,7806,55768,17,658,0,0.304,2.17,LON,GREEN,2018-06,APPROVE
66,12500,576,41130,18,714,0,0.046,3.29,SW,STD,2018-06,APPROVE
58,26200,10732,83186,24,758,0,0.41,3.175,SW,STD,2019-05,REFER
37,62700,31262,345702,7,683,0,0.499,5.514,LON,REMO,2019-01,REFER
58,25500,8468,32776,7,834,0,0.332,1.285,MID,STD,2020-04,APPROVE
38,54900,30975,31542,14,572,0,0.564,0.575,MID,STD,2020-07,DECLINE
45,47400,29300,142936,17,811,2,0.618,3.016,SE,BRIDGE,2019-02,DECLINE
22,16400,2447,91838,23,825,0,0.149,5.6,SE,STD,2019-05,REFER
58,30900,13090,93445,16,622,0,0.424,3.024,SE,GREEN,2019-08,REFER
59,13700,2859,15384,15,671,0,0.209,1.123,LON,STD,2020-07,APPROVE
29,41100,24294,140671,22,780,0,0.591,3.423,LON,STD,2020-07,DECLINE
44,79000,46634,193268,0,665,0,0.59,2.446,LON,STD,2018-09,DECLINE
63,17700,2902,79019,19,544,0,0.164,4.464,MID,STD,2019-03,DECLINE
39,29700,19107,61780,12,808,0,0.643,2.08,NW,REMO,2018-06,DECLINE
48,53300,10998,267326,20,736,0,0.206,5.015,LON,STD,2020-07,REFER
43,22600,11512,54291,15,671,0,0.509,2.402,MID,GREEN,2020-07,REFER
59,154500,2508,845209,21,590,0,0.016,5.471,SE,STD,2019-02,REFER
27,12600,2745,60708,10,799,0,0.218,4.818,MID,GREEN,2019-05,REFER
44,16000,6844,91786,19,534,0,0.428,5.737,MID,REMO,2018-11,DECLINE
54,126000,46732,544205,8,825,0,0.371,4.319,LON,BRIDGE,2019-05,REFER
56,64000,23378,208974,21,779,0,0.365,3.265,NE,STD,2018-11,APPROVE
42,14000,6748,22985,17,724,0,0.482,1.642,MID,STD,2020-04,REFER
22,13700,5010,43350,4,732,0,0.366,3.164,NW,GREEN,2019-11,APPROVE
36,26500,7721,59833,11,750,0,0.291,2.258,LON,STD,2019-03,APPROVE
59,26300,407,18182,12,756,0,0.015,0.691,NW,STD,2020-01,APPROVE
26,15900,1598,100443,25,641,0,0.101,6.317,NW,STD,2020-07,DECLINE
44,31200,11259,112714,6,705,0,0.361,3.613,NW,REMO,2019-05,APPROVE
20,37300,16078,135481,5,768,0,0.431,3.632,NE,BRIDGE,2018-11,APPROVE
34,33600,15422,142766,21,581,1,0.459,4.249,LON,GREEN,2018-11,REFER
67,44000,28051,23441,13,805,0,0.638,0.533,LON,STD,2020-07,DECLINE
43,59900,24303,176590,8,721,3,0.406,2.948,LON,BRIDGE,2019-11,DECLINE
57,91000,23827,193909,10,806,0,0.262,2.131,LON,REMO,2018-06,APPROVE
24,43900,16747,215658,10,764,0,0.381,4.912,NW,STD,2018-11,REFER
46,17200,7813,108172,0,761,0,0.454,6.289,SE,STD,2019-11,DECLINE
29,77500,50377,431597,5,608,2,0.65,5.569,NW,STD,2019-08,DECLINE
24,14700,7036,25600,0,672,0,0.479,1.741,LON,GREEN,2020-04,REFER
36,117500,44957,188831,6,725,0,0.383,1.607,LON,GREEN,2019-03,APPROVE
34,89100,1181,97571,9,799,0,0.013,1.095,NW,GREEN,2018-09,APPROVE
68,129900,7559,327322,6,615,0,0.058,2.52,NW,STD,2020-07,APPROVE
49,71300,7774,260132,20,577,0,0.109,3.648,NW,REMO,2019-03,APPROVE
47,14900,619,42760,15,694,0,0.042,2.87,SE,STD,2018-06,APPROVE
43,103700,37349,383477,1,633,0,0.36,3.698,NW,STD,2019-02,REFER
41,119900,19701,104140,17,811,0,0.164,0.869,SE,STD,2018-09,APPROVE
21,129800,69037,827615,8,550,0,0.532,6.376,LON,STD,2019-05,DECLINE
26,21600,1565,61398,16,664,3,0.072,2.843,LON,STD,2019-11,DECLINE
59,40100,10411,211737,9,826,2,0.26,5.28,NW,GREEN,2019-03,DECLINE
25,67000,42943,85041,4,747,0,0.641,1.269,NW,STD,2020-04,DECLINE
54,47600,13672,290661,5,584,0,0.287,6.106,NE,STD,2019-01,DECLINE
42,124800,27257,162643,4,601,0,0.218,1.303,MID,REMO,2019-05,APPROVE
55,57000,39125,343473,12,580,0,0.686,6.026,NE,REMO,2020-04,DECLINE
31,124700,10161,564718,7,691,0,0.081,4.529,SE,STD,2018-09,REFER
68,30800,5963,181657,25,818,2,0.194,5.898,LON,STD,2019-02,DECLINE
47,37800,13593,127081,18,558,0,0.36,3.362,SE,REMO,2018-09,DECLINE
37,16300,11085,29397,1,578,0,0.68,1.803,LON,STD,2018-11,DECLINE
46,116800,81460,198570,19,733,0,0.697,1.7,LON,STD,2018-11,DECLINE
26,100000,32968,296182,10,734,1,0.33,2.962,LON,BRIDGE,2019-02,APPROVE
53,24300,6853,45245,1,680,0,0.282,1.862,MID,BRIDGE,2020-04,REFER
37,61300,30279,371469,5,609,1,0.494,6.06,LON,STD,2018-06,DECLINE
25,36800,17626,37762,10,788,0,0.479,1.026,MID,REMO,2019-02,REFER
21,37700,11434,82221,20,807,0,0.303,2.181,LON,STD,2019-01,APPROVE
20,20300,8654,130831,23,684,0,0.426,6.445,MID,STD,2020-01,DECLINE
66,39500,14038,160012,19,535,0,0.355,4.051,NW,STD,2020-04,DECLINE
39,53100,25972,57432,19,551,0,0.489,1.082,LON,STD,2020-04,DECLINE
25,14800,9055,66080,5,640,0,0.612,4.465,SW,STD,2018-11,DECLINE
21,70000,27278,66024,20,795,2,0.39,0.943,NW,GREEN,2019-08,DECLINE
48,82300,56176,115981,8,656,0,0.683,1.409,LON,STD,2019-11,DECLINE
52,132600,26507,384056,16,520,2,0.2,2.896,LON,GREEN,2019-11,DECLINE
62,78700,16795,202684,1,668,1,0.213,2.575,SW,STD,2020-07,REFER
24,12300,1028,56891,22,588,0,0.084,4.625,NW,STD,2018-06,REFER
68,63300,43938,265291,2,761,0,0.694,4.191,LON,BRIDGE,2020-07,DECLINE
46,41400,27161,154648,22,786,1,0.656,3.735,SE,STD,2019-08,DECLINE
25,12200,4593,49917,23,581,3,0.376,4.092,LON,STD,2020-04,DECLINE
40,21000,7488,59115,13,642,0,0.357,2.815,SE,REMO,2020-07,APPROVE
57,50900,5180,143570,17,609,3,0.102,2.821,SW,REMO,2020-04,DECLINE
35,91700,38495,567437,2,828,0,0.42,6.188,MID,GREEN,2019-02,DECLINE
37,134300,51821,465693,6,684,0,0.386,3.468,MID,REMO,2020-01,APPROVE
22,117000,77243,507185,24,726,0,0.66,4.335,MID,REMO,2020-04,DECLINE
61,102900,6722,420707,11,679,0,0.065,4.089,LON,REMO,2019-08,APPROVE
34,13800,1597,63310,25,755,0,0.116,4.588,LON,GREEN,2019-03,REFER
37,76400,23300,209900,2,601,0,0.305,2.747,NE,STD,2018-09,APPROVE
68,36100,20875,185918,17,700,0,0.578,5.15,LON,BRIDGE,2020-07,DECLINE
27,26900,15804,142472,5,785,0,0.588,5.296,NW,REMO,2019-03,DECLINE
24,39000,25710,161236,22,675,0,0.659,4.134,SW,GREEN,2019-05,DECLINE
39,67600,26313,357792,8,746,0,0.389,5.293,NE,BRIDGE,2019-11,REFER
44,112400,49795,394578,20,767,0,0.443,3.51,LON,GREEN,2019-08,REFER
57,100300,329,183851,14,813,0,0.003,1.833,SW,STD,2019-05,APPROVE
31,62600,40428,293218,16,652,0,0.646,4.684,LON,REMO,2019-03,DECLINE
51,93900,53368,483499,16,702,0,0.568,5.149,LON,GREEN,2020-07,DECLINE
44,82200,40953,251914,8,712,0,0.498,3.065,SE,GREEN,2019-08,REFER
24,57700,19058,87602,25,546,0,0.33,1.518,SE,REMO,2020-01,DECLINE
46,85400,3152,383321,10,781,0,0.037,4.489,LON,STD,2018-09,APPROVE
26,29000,7058,131005,22,835,0,0.243,4.517,MID,GREEN,2018-11,REFER
55,18700,2990,57615,2,839,0,0.16,3.081,NW,GREEN,2020-07,APPROVE
49,39200,7456,104815,4,732,0,0.19,2.674,LON,STD,2019-08,APPROVE
41,83900,2032,356957,0,563,0,0.024,4.255,SE,GREEN,2020-04,REFER
66,102800,40473,202993,10,560,0,0.394,1.975,SE,REMO,2019-02,APPROVE
63,21800,15140,105677,24,708,0,0.694,4.848,MID,GREEN,2019-01,DECLINE
44,26700,7958,55222,7,741,0,0.298,2.068,SW,STD,2019-11,APPROVE
45,105400,3291,102432,18,733,0,0.031,0.972,LON,REMO,2019-05,APPROVE
65,17000,5772,45172,5,762,0,0.34,2.657,LON,STD,2018-11,APPROVE
26,127200,38362,423105,13,756,0,0.302,3.326,NW,STD,2019-02,APPROVE
20,122300,18001,478579,24,823,0,0.147,3.913,SE,REMO,2018-11,APPROVE
37,122300,13812,434998,21,749,0,0.113,3.557,MID,REMO,2019-02,APPROVE
64,51100,21213,292196,14,602,0,0.415,5.718,SW,STD,2019-11,REFER
60,132600,22577,804324,16,794,0,0.17,6.066,NE,STD,2020-04,DECLINE
63,17300,2063,18542,5,529,0,0.119,1.072,SE,REMO,2018-06,DECLINE
24,43700,12259,228519,19,549,0,0.281,5.229,MID,REMO,2019-08,DECLINE
64,16300,649,97065,2,577,0,0.04,5.955,SW,REMO,2018-06,REFER
49,122200,1467,198371,25,774,0,0.012,1.623,NE,GREEN,2018-06,APPROVE
52,54000,32596,111543,7,785,0,0.604,2.066,MID,BRIDGE,2019-08,DECLINE
28,21600,12051,16263,12,775,0,0.558,0.753,SE,STD,2019-11,DECLINE
32,27100,10750,95221,13,791,0,0.397,3.514,SE,STD,2018-11,APPROVE
44,41300,207,105943,20,681,0,0.005,2.565,NW,GREEN,2018-09,APPROVE
54,15200,514,13182,17,644,0,0.034,0.867,NW,BRIDGE,2019-11,APPROVE
61,26700,15875,70508,5,577,0,0.595,2.641,NE,STD,2019-01,DECLINE
54,79900,28743,104455,8,582,1,0.36,1.307,NW,REMO,2019-11,APPROVE
19,26100,936,144295,18,731,0,0.036,5.529,SW,STD,2020-04,REFER
42,142700,92552,781580,20,552,0,0.649,5.477,MID,STD,2020-04,DECLINE
19,26700,10766,120647,10,825,3,0.403,4.519,LON,STD,2018-09,DECLINE
36,144800,69250,634752,15,773,0,0.478,4.384,NW,REMO,2020-04,REFER
47,17500,11174,75086,21,725,1,0.639,4.291,NW,GREEN,2019-08,DECLINE
56,17500,10912,15365,23,707,0,0.624,0.878,NW,STD,2019-02,DECLINE
48,146800,100298,833758,4,663,0,0.683,5.68,MID,STD,2020-07,DECLINE
40,61300,30766,281566,21,695,0,0.502,4.593,SE,STD,2018-11,REFER
65,35900,7888,80821,24,606,0,0.22,2.251,NW,STD,2019-11,APPROVE
44,130200,88404,159842,24,532,1,0.679,1.228,SE,STD,2019-08,DECLINE
65,48300,2273,130950,13,730,0,0.047,2.711,NW,REMO,2018-11,APPROVE
39,36500,12713,182234,13,613,0,0.348,4.993,LON,REMO,2019-02,REFER
60,18700,10809,74920,1,615,0,0.578,4.006,NW,STD,2019-03,DECLINE
34,27800,10563,118314,19,762,0,0.38,4.256,MID,STD,2018-11,APPROVE
51,90400,62455,366828,17,805,0,0.691,4.058,NW,STD,2018-11,DECLINE
30,13700,7636,44841,1,684,0,0.557,3.273,MID,GREEN,2019-08,DECLINE
55,95800,50072,222014,18,803,0,0.523,2.317,MID,REMO,2018-06,REFER
61,43600,6199,167566,16,617,0,0.142,3.843,NE,STD,2020-04,APPROVE
21,76300,45639,133052,20,793,2,0.598,1.744,MID,REMO,2018-09,DECLINE
56,29800,8930,187964,16,526,0,0.3,6.308,SE,REMO,2020-04,DECLINE
55,21400,1859,129739,24,590,0,0.087,6.063,MID,STD,2018-11,DECLINE
38,31200,11994,180526,21,536,0,0.384,5.786,LON,STD,2020-01,DECLINE
19,27300,6428,22949,7,686,0,0.235,0.841,LON,STD,2018-06,APPROVE
66,61200,29059,279240,4,715,0,0.475,4.563,SW,GREEN,2019-11,REFER
29,57800,27485,159563,5,725,3,0.476,2.761,NW,STD,2019-03,DECLINE
37,51200,10093,219397,20,534,0,0.197,4.285,MID,STD,2018-06,DECLINE
38,123700,21755,206569,21,781,0,0.176,1.67,LON,REMO,2019-01,APPROVE
61,28400,15323,61035,21,523,0,0.54,2.149,SE,STD,2019-05,DECLINE
57,19900,9621,28333,22,813,0,0.483,1.424,SW,STD,2020-01,REFER
49,71200,45722,222801,13,708,0,0.642,3.129,LON,GREEN,2020-01,DECLINE
34,43000,10010,218345,21,574,0,0.233,5.078,NW,REMO,2019-05,REFER
61,25400,6607,163566,19,759,1,0.26,6.44,LON,BRIDGE,2019-02,DECLINE
35,91300,8616,564046,15,820,0,0.094,6.178,LON,GREEN,2020-04,DECLINE
61,62700,18913,54361,1,709,0,0.302,0.867,SW,REMO,2019-11,REFER
23,143200,65000,394028,11,593,0,0.454,2.752,NW,REMO,2019-03,REFER
65,55900,17742,113291,8,643,0,0.317,2.027,LON,STD,2019-03,APPROVE
45,98300,23062,353892,6,839,0,0.235,3.6,MID,REMO,2020-07,APPROVE
36,20600,13109,125864,18,779,0,0.636,6.11,NE,BRIDGE,2018-11,DECLINE
68,61500,7304,308309,3,583,0,0.119,5.013,LON,BRIDGE,2019-05,REFER
21,115500,72225,179539,17,648,0,0.625,1.554,SE,STD,2020-07,DECLINE
22,105000,14216,74959,15,573,0,0.135,0.714,LON,GREEN,2019-03,APPROVE
43,17800,11200,27726,3,714,0,0.629,1.558,MID,STD,2018-09,DECLINE
19,28200,19089,165995,6,618,2,0.677,5.886,LON,GREEN,2020-04,DECLINE
20,49700,33719,186812,4,676,0,0.678,3.759,LON,BRIDGE,2018-11,DECLINE
19,20800,5237,17948,16,735,0,0.252,0.863,LON,STD,2020-04,APPROVE
32,93700,19062,361220,3,535,0,0.203,3.855,LON,REMO,2020-07,DECLINE
57,72400,1678,334919,7,552,0,0.023,4.626,SE,STD,2019-11,DECLINE
30,22600,14754,32759,25,803,0,0.653,1.45,LON,REMO,2019-01,DECLINE
31,39600,11927,174004,7,748,0,0.301,4.394,MID,STD,2019-03,APPROVE
31,13600,6472,54023,21,817,0,0.476,3.972,SE,STD,2019-03,REFER
61,94300,29224,432179,7,695,0,0.31,4.583,MID,REMO,2020-01,REFER
32,84400,5298,249592,18,559,0,0.063,2.957,NW,GREEN,2020-01,DECLINE
63,24300,3966,150601,12,720,3,0.163,6.198,SW,STD,2019-05,DECLINE
46,14400,7227,66227,12,615,0,0.502,4.599,SW,STD,2019-08,REFER
55,21700,1299,42439,7,649,0,0.06,1.956,LON,STD,2019-03,APPROVE
67,102600,29022,345688,16,816,0,0.283,3.369,LON,REMO,2019-05,APPROVE
44,68400,31493,238615,0,711,0,0.46,3.489,SE,STD,2019-11,REFER
19,13100,4498,21377,21,591,0,0.343,1.632,MID,REMO,2019-03,APPROVE
66,30400,14602,136204,16,545,0,0.48,4.48,MID,REMO,2019-08,DECLINE
24,117100,66699,428352,13,619,0,0.57,3.658,NE,STD,2019-01,DECLINE
23,26900,7688,54653,19,758,1,0.286,2.032,SE,REMO,2019-02,APPROVE
33,91900,50239,446802,6,618,0,0.547,4.862,SE,GREEN,2019-08,REFER
44,111000,344,304623,18,558,0,0.003,2.744,LON,STD,2019-05,DECLINE
21,105500,43061,613754,6,712,3,0.408,5.818,NW,STD,2018-09,DECLINE
50,134700,82628,269658,5,682,0,0.613,2.002,SE,STD,2019-01,DECLINE
45,51900,25463,190812,18,633,0,0.491,3.677,LON,STD,2018-11,REFER
55,37100,20296,81837,3,770,0,0.547,2.206,SW,STD,2018-06,REFER
20,18800,11630,21564,20,544,1,0.619,1.147,NE,STD,2020-04,DECLINE
21,52500,11188,167448,3,564,3,0.213,3.189,SE,GREEN,2020-01,DECLINE
36,16400,10707,84389,18,772,0,0.653,5.146,NE,STD,2019-03,DECLINE
26,70100,24621,53992,7,814,1,0.351,0.77,LON,STD,2019-03,APPROVE
39,50600,5206,127859,6,722,2,0.103,2.527,NW,STD,2020-04,DECLINE
55,85700,8025,410622,24,650,0,0.094,4.791,LON,STD,2019-08,REFER
62,51200,30530,67446,22,586,0,0.596,1.317,NW,STD,2018-06,DECLINE
48,16900,7193,44382,11,776,0,0.426,2.626,NW,STD,2019-03,REFER
50,115200,58631,131679,22,624,0,0.509,1.143,SE,REMO,2020-01,REFER
19,105400,69517,373162,13,655,0,0.66,3.54,NW,BRIDGE,2019-03,DECLINE
59,80300,50293,327093,23,670,0,0.626,4.073,LON,STD,2018-06,DECLINE
68,33100,6130,37438,24,814,3,0.185,1.131,NE,GREEN,2019-01,DECLINE
63,26500,3246,92981,2,526,0,0.122,3.509,LON,STD,2020-04,DECLINE
32,32300,22132,54075,14,573,0,0.685,1.674,SE,STD,2020-07,DECLINE
38,117400,43846,99433,0,740,0,0.373,0.847,LON,REMO,2018-11,REFER
34,13500,480,7856,12,739,0,0.036,0.582,MID,REMO,2018-06,APPROVE
45,105400,40491,605631,3,812,0,0.384,5.746,NW,REMO,2019-02,REFER
33,17600,6139,107961,17,576,0,0.349,6.134,LON,REMO,2019-02,DECLINE
50,102300,39144,565958,10,566,0,0.383,5.532,SE,STD,2019-01,REFER
61,17200,152,31837,24,659,0,0.009,1.851,MID,REMO,2019-03,APPROVE
36,77500,34484,463466,2,545,1,0.445,5.98,LON,REMO,2019-02,DECLINE
40,31800,234,29624,16,607,0,0.007,0.932,NE,STD,2019-08,APPROVE
32,68400,6771,247874,0,829,0,0.099,3.624,NE,STD,2019-02,REFER
24,31300,201,201021,15,779,1,0.006,6.422,SW,GREEN,2019-03,DECLINE
63,18600,9582,91481,0,840,0,0.515,4.918,NW,BRIDGE,2019-02,REFER
47,21300,7235,89044,13,689,0,0.34,4.18,SE,STD,2018-11,APPROVE
62,60100,12023,116243,5,730,0,0.2,1.934,NW,REMO,2020-04,APPROVE
66,59400,34806,261001,4,572,0,0.586,4.394,LON,STD,2019-11,DECLINE
23,109700,10690,601060,6,688,0,0.097,5.479,LON,REMO,2020-04,REFER
39,20200,4998,128474,7,614,0,0.247,6.36,SW,BRIDGE,2019-02,DECLINE
20,78500,5506,286090,6,832,0,0.07,3.644,LON,STD,2019-08,APPROVE
43,26600,13010,158497,22,553,0,0.489,5.959,LON,STD,2019-11,DECLINE
21,86400,36824,170627,6,542,0,0.426,1.975,SE,GREEN,2019-01,DECLINE
54,23800,14260,23060,5,561,0,0.599,0.969,MID,GREEN,2020-04,DECLINE
66,108800,71892,329787,15,530,0,0.661,3.031,NW,REMO,2020-01,DECLINE
28,55400,23941,290843,2,631,0,0.432,5.25,NW,REMO,2019-11,REFER
57,108900,69596,234853,22,693,0,0.639,2.157,LON,STD,2018-09,DECLINE
42,66600,16133,321934,23,529,0,0.242,4.834,NW,STD,2019-11,DECLINE
54,33600,19101,177887,24,834,0,0.568,5.294,MID,STD,2019-03,DECLINE
66,110300,45981,641116,10,668,0,0.417,5.812,SE,REMO,2019-01,REFER
23,44300,2813,269027,11,711,0,0.063,6.073,SE,STD,2020-04,DECLINE
36,71100,30802,436498,16,834,0,0.433,6.139,NW,GREEN,2019-03,DECLINE
59,14000,9668,42456,8,714,0,0.691,3.033,NW,STD,2018-11,DECLINE
46,75000,49104,450623,9,590,0,0.655,6.008,LON,STD,2020-04,DECLINE
33,152000,13116,648670,11,634,0,0.086,4.268,LON,STD,2019-11,APPROVE
20,61400,38253,114468,0,815,0,0.623,1.864,LON,REMO,2019-08,DECLINE
47,166400,75743,658906,9,614,0,0.455,3.96,NE,STD,2019-02,APPROVE
49,47900,5988,72946,0,770,0,0.125,1.523,LON,STD,2018-06,REFER
30,133200,57301,529933,23,646,0,0.43,3.978,LON,STD,2020-04,REFER
65,19700,8247,90920,9,588,0,0.419,4.615,SE,BRIDGE,2019-03,REFER
22,94900,60281,539106,25,652,0,0.635,5.681,MID,REMO,2018-06,DECLINE
27,17300,7123,46898,22,825,0,0.412,2.711,LON,STD,2019-11,REFER
42,77500,39860,287344,16,792,0,0.514,3.708,MID,STD,2019-08,REFER
37,40200,9441,30227,4,707,0,0.235,0.752,NW,GREEN,2018-09,APPROVE
26,31200,4609,75998,13,826,0,0.148,2.436,LON,STD,2020-04,APPROVE
68,57600,14887,264873,0,664,2,0.258,4.598,LON,REMO,2019-11,DECLINE
32,105400,18460,316962,15,548,0,0.175,3.007,LON,STD,2018-09,DECLINE
20,41700,24358,169388,18,680,0,0.584,4.062,NW,REMO,2020-01,DECLINE
47,73800,3387,470910,7,588,1,0.046,6.381,SE,BRIDGE,2019-08,DECLINE
55,19000,6910,80410,5,643,0,0.364,4.232,MID,REMO,2020-04,APPROVE
40,51900,26093,187637,0,560,1,0.503,3.615,MID,BRIDGE,2019-01,REFER
51,76200,51254,55415,23,776,3,0.673,0.727,MID,REMO,2019-02,DECLINE
54,33000,12925,53961,11,704,2,0.392,1.635,LON,BRIDGE,2018-11,DECLINE
68,43200,13188,123764,2,629,0,0.305,2.865,NW,REMO,2019-02,APPROVE
39,61800,207,51343,6,568,0,0.003,0.831,NE,STD,2019-05,APPROVE
61,83500,4326,433633,24,548,3,0.052,5.193,NE,STD,2019-02,DECLINE
48,22400,5797,12260,4,747,1,0.259,0.547,LON,STD,2019-05,APPROVE
53,17300,10251,90021,14,774,0,0.593,5.204,LON,STD,2019-01,DECLINE
27,116600,57394,309384,18,636,3,0.492,2.653,NW,STD,2020-07,DECLINE
39,20300,9891,47678,9,539,0,0.487,2.349,LON,STD,2019-02,DECLINE
40,46200,8940,174767,12,594,0,0.194,3.783,SE,REMO,2018-09,APPROVE
46,26700,14458,49786,7,546,0,0.541,1.865,NW,GREEN,2020-07,DECLINE
64,63100,40670,279975,20,674,2,0.645,4.437,MID,STD,2018-09,DECLINE
67,155300,67103,466906,12,544,0,0.432,3.006,LON,STD,2019-11,DECLINE
68,45000,12658,204384,5,781,0,0.281,4.542,SE,STD,2020-01,REFER
47,14800,10127,63663,5,816,0,0.684,4.302,NE,GREEN,2019-08,DECLINE
23,29300,15999,25165,0,780,0,0.546,0.859,NE,STD,2018-11,REFER
54,75800,25414,373733,1,779,1,0.335,4.931,SE,REMO,2020-07,REFER
63,19100,4215,100766,9,769,0,0.221,5.276,NW,REMO,2020-07,REFER
39,19300,8524,116640,0,756,0,0.442,6.044,MID,GREEN,2019-11,DECLINE
29,35500,1392,229325,8,659,0,0.039,6.46,MID,STD,2019-08,DECLINE
47,27400,2393,168219,6,532,2,0.087,6.139,NW,STD,2018-11,DECLINE
47,16500,10071,65689,13,724,0,0.61,3.981,NE,REMO,2019-03,DECLINE
20,36400,15709,158831,1,699,3,0.432,4.363,LON,REMO,2019-01,DECLINE
33,35500,3447,72487,5,636,0,0.097,2.042,LON,STD,2019-11,APPROVE
42,25100,2786,42784,16,638,0,0.111,1.705,MID,STD,2019-08,APPROVE
58,86200,348,327776,13,636,0,0.004,3.803,NW,STD,2019-08,APPROVE
52,59700,24529,342220,12,785,0,0.411,5.732,SE,STD,2020-01,REFER
25,93300,49199,351995,14,792,0,0.527,3.773,NE,STD,2019-11,APPROVE
42,36400,1665,23166,10,755,0,0.046,0.636,SW,GREEN,2020-01,APPROVE
50,77600,3576,281012,11,624,0,0.046,3.621,SE,STD,2019-05,APPROVE
63,29100,8906,139313,12,828,0,0.306,4.787,LON,REMO,2020-01,REFER
24,111300,65546,627525,19,660,0,0.589,5.638,NW,STD,2019-11,DECLINE
34,72000,37232,83832,23,588,0,0.517,1.164,MID,GREEN,2018-09,REFER
28,18100,11429,68352,0,690,0,0.631,3.776,SE,BRIDGE,2018-11,DECLINE
33,17900,5818,19584,23,633,0,0.325,1.094,NE,STD,2020-07,APPROVE
46,47700,24804,171131,12,549,0,0.52,3.588,NW,STD,2019-05,DECLINE
55,76000,39860,81301,4,721,1,0.524,1.07,MID,STD,2018-11,REFER
60,19500,3505,10956,19,600,0,0.18,0.562,LON,STD,2020-01,APPROVE
40,19300,4883,26740,10,618,0,0.253,1.385,NW,STD,2019-11,APPROVE
32,20300,6752,62157,18,558,2,0.333,3.062,LON,GREEN,2019-05,DECLINE
60,117300,3865,332952,15,762,0,0.033,2.838,LON,REMO,2019-03,APPROVE
64,43500,25021,64692,15,695,0,0.575,1.487,LON,BRIDGE,2019-01,DECLINE
58,41600,18506,250326,6,667,0,0.445,6.017,LON,BRIDGE,2019-03,DECLINE
23,125800,35082,782546,13,628,0,0.279,6.221,NE,GREEN,2020-04,DECLINE
49,48400,30591,233442,14,539,0,0.632,4.823,NW,GREEN,2019-08,DECLINE
58,13900,5145,50780,16,662,0,0.37,3.653,MID,STD,2020-07,APPROVE
49,29000,9213,186434,4,820,2,0.318,6.429,NW,REMO,2020-01,DECLINE
62,57400,21157,359700,3,613,0,0.369,6.267,SE,GREEN,2019-01,DECLINE
50,35400,4915,215502,24,761,0,0.139,6.088,SE,STD,2018-11,DECLINE
30,20300,13665,80012,19,804,0,0.673,3.941,SE,GREEN,2018-09,DECLINE
66,70700,977,169551,19,777,0,0.014,2.398,LON,REMO,2020-04,APPROVE
45,85200,1974,276381,23,790,0,0.023,3.244,LON,STD,2020-01,APPROVE
37,21200,6696,116475,5,795,0,0.316,5.494,LON,BRIDGE,2019-05,REFER
29,47700,12666,75943,22,772,3,0.266,1.592,LON,GREEN,2019-03,DECLINE
41,30100,14302,78982,5,821,0,0.475,2.624,LON,STD,2019-02,REFER
49,35300,8449,193199,16,666,3,0.239,5.473,SW,STD,2020-07,DECLINE
46,29400,6976,48261,15,608,0,0.237,1.642,MID,STD,2019-08,APPROVE
48,40300,11110,223627,7,690,0,0.276,5.549,LON,REMO,2018-06,REFER
31,22900,14071,64622,25,811,0,0.614,2.822,SE,REMO,2020-01,DECLINE
52,34400,19317,91455,19,748,0,0.562,2.659,LON,STD,2019-05,DECLINE
20,28400,9258,45510,24,681,0,0.326,1.602,LON,STD,2019-02,APPROVE
60,126900,85272,735568,5,607,0,0.672,5.796,MID,STD,2018-06,DECLINE
44,97300,29210,366294,25,642,3,0.3,3.765,LON,REMO,2018-09,DECLINE
29,21800,13723,31469,16,824,0,0.629,1.444,NE,STD,2019-03,DECLINE
43,71200,45344,172182,2,535,1,0.637,2.418,LON,STD,2019-05,DECLINE
67,33000,12725,95877,7,698,0,0.386,2.905,LON,STD,2019-02,APPROVE
46,68600,44011,223869,11,721,0,0.642,3.263,LON,STD,2018-09,DECLINE
23,30700,8445,25276,6,559,0,0.275,0.823,MID,STD,2020-04,DECLINE
20,12300,843,42120,12,659,1,0.069,3.424,NW,STD,2019-08,APPROVE
62,34900,19630,135842,21,809,0,0.562,3.892,SE,REMO,2018-06,DECLINE
26,20800,6752,23286,7,615,0,0.325,1.12,MID,STD,2018-09,APPROVE
21,24900,3043,32299,4,740,1,0.122,1.297,LON,BRIDGE,2019-08,APPROVE
58,36500,2569,69866,0,723,0,0.07,1.914,SE,STD,2019-08,REFER
62,18700,993,78705,21,779,0,0.053,4.209,MID,GREEN,2019-03,APPROVE
40,112300,59851,610435,5,709,0,0.533,5.436,SE,BRIDGE,2019-03,REFER
38,56000,4169,241864,14,738,3,0.074,4.319,LON,REMO,2020-04,DECLINE
30,44200,8862,244942,16,682,0,0.2,5.542,LON,STD,2019-01,REFER
51,30400,18029,30388,11,685,0,0.593,1,NW,BRIDGE,2018-09,DECLINE
67,17200,7939,14266,13,739,0,0.462,0.829,NW,GREEN,2020-01,REFER
49,22700,11634,119946,0,665,0,0.513,5.284,MID,STD,2019-08,REFER
21,63400,24900,209552,16,579,0,0.393,3.305,MID,STD,2019-05,APPROVE
50,18200,101,42965,19,749,2,0.006,2.361,NW,STD,2018-06,DECLINE
50,67000,30162,274989,19,589,0,0.45,4.104,NW,REMO,2019-03,REFER
23,83700,8959,184609,18,725,0,0.107,2.206,SE,STD,2020-01,APPROVE
53,41200,17462,146398,22,627,0,0.424,3.553,NW,STD,2020-01,REFER
51,71000,33593,413271,4,530,0,0.473,5.821,LON,STD,2019-08,DECLINE
49,50500,2991,221094,9,758,3,0.059,4.378,NW,STD,2019-05,DECLINE
66,19100,10034,117526,8,772,3,0.525,6.153,NE,STD,2019-11,DECLINE
36,54400,19493,210116,3,826,0,0.358,3.862,MID,GREEN,2019-01,APPROVE
58,78900,36079,67743,19,687,0,0.457,0.859,SW,REMO,2020-01,REFER
30,43100,24360,99598,4,643,0,0.565,2.311,LON,REMO,2020-01,DECLINE
32,119600,10185,440369,22,749,0,0.085,3.682,LON,BRIDGE,2019-08,APPROVE
53,29700,18994,59748,21,605,0,0.64,2.012,LON,REMO,2019-11,DECLINE
44,15200,5893,14375,14,767,0,0.388,0.946,SE,STD,2019-01,APPROVE
44,19900,8918,126431,17,611,0,0.448,6.353,SE,REMO,2019-11,DECLINE
65,31000,9907,138970,7,635,0,0.32,4.483,NW,STD,2018-09,APPROVE
46,28500,18509,88729,2,667,0,0.649,3.113,NE,REMO,2019-03,DECLINE
48,55400,33056,102090,7,768,0,0.597,1.843,LON,STD,2019-05,DECLINE
43,40400,8285,123148,24,738,0,0.205,3.048,NW,STD,2020-04,APPROVE
64,64100,25676,327686,4,718,0,0.401,5.112,LON,BRIDGE,2018-11,REFER
48,81700,8257,426094,24,694,0,0.101,5.215,LON,REMO,2019-08,REFER
49,13500,1702,32008,4,813,0,0.126,2.371,LON,BRIDGE,2020-01,APPROVE
51,92800,38849,548007,2,602,0,0.419,5.905,LON,REMO,2018-06,REFER
49,64600,40326,42952,16,720,1,0.624,0.665,NE,STD,2019-05,DECLINE
44,40700,10996,82482,25,577,0,0.27,2.027,LON,REMO,2019-03,APPROVE
25,42000,27122,163981,18,769,0,0.646,3.904,LON,STD,2019-11,DECLINE
62,62500,39509,108873,5,671,1,0.632,1.742,NW,STD,2019-08,DECLINE
34,32100,7934,154600,6,636,0,0.247,4.816,MID,STD,2019-01,REFER
59,36700,15074,182132,19,628,0,0.411,4.963,MID,REMO,2019-05,REFER
37,102700,36501,181513,10,635,0,0.355,1.767,LON,STD,2018-11,APPROVE
60,64200,35156,407021,5,585,0,0.548,6.34,NW,STD,2019-01,DECLINE
47,23700,6260,87614,2,614,0,0.264,3.697,NW,STD,2019-01,APPROVE
34,92400,30499,471272,9,719,0,0.33,5.1,NE,STD,2018-09,APPROVE
48,94200,24376,409910,15,669,0,0.259,4.351,LON,STD,2018-09,APPROVE
57,77000,36684,172622,2,573,0,0.476,2.242,NE,REMO,2020-07,REFER
28,22800,10350,68185,23,839,3,0.454,2.991,LON,REMO,2018-06,DECLINE
44,17700,3368,34824,15,522,0,0.19,1.967,LON,STD,2018-11,DECLINE
56,22300,13171,50704,4,808,3,0.591,2.274,NW,STD,2018-09,DECLINE
43,45300,23982,253296,13,606,0,0.529,5.592,MID,STD,2020-04,REFER
65,62900,4227,168353,4,692,0,0.067,2.677,SW,REMO,2019-05,APPROVE
54,23800,6501,84350,14,604,1,0.273,3.544,LON,GREEN,2019-02,APPROVE
21,16000,5609,27849,13,624,0,0.351,1.741,LON,STD,2019-01,APPROVE
40,12500,3794,72095,7,679,0,0.304,5.768,SW,REMO,2019-11,REFER
27,94600,53303,578223,21,545,0,0.563,6.112,NW,BRIDGE,2019-11,DECLINE
24,70600,45301,151431,12,796,0,0.642,2.145,NW,GREEN,2019-08,DECLINE
49,27300,19049,37903,6,826,0,0.698,1.388,LON,GREEN,2019-01,DECLINE
22,13500,247,33043,3,616,0,0.018,2.448,MID,GREEN,2018-09,APPROVE
37,45900,30854,195364,18,786,0,0.672,4.256,NW,REMO,2020-07,DECLINE
34,21800,1707,49009,8,700,0,0.078,2.248,LON,REMO,2018-09,APPROVE
46,27700,2321,60729,17,825,3,0.084,2.192,SW,REMO,2019-11,DECLINE
62,75300,37476,153016,22,650,0,0.498,2.032,SE,STD,2020-07,REFER
38,36800,19608,200938,8,808,1,0.533,5.46,SW,GREEN,2019-01,REFER
48,12100,674,39438,8,620,0,0.056,3.259,SE,STD,2019-01,APPROVE
24,37500,16934,30594,1,831,0,0.452,0.816,SW,BRIDGE,2019-01,REFER
24,14400,8961,50446,11,683,0,0.622,3.503,SE,BRIDGE,2019-02,DECLINE
19,167500,69206,831764,5,684,0,0.413,4.966,LON,REMO,2019-01,REFER
27,31900,9409,170371,1,696,0,0.295,5.341,LON,STD,2019-08,REFER
46,17200,4338,18270,21,571,3,0.252,1.062,NE,STD,2019-11,DECLINE
56,110800,25490,129422,17,593,0,0.23,1.168,NE,STD,2018-11,APPROVE
47,74900,49324,88887,23,526,0,0.659,1.187,LON,STD,2019-03,DECLINE
21,78500,33069,44375,17,835,2,0.421,0.565,LON,STD,2019-03,DECLINE
44,13000,7481,46078,8,625,0,0.575,3.544,LON,REMO,2020-07,DECLINE
40,21600,13598,25893,20,815,3,0.63,1.199,LON,STD,2018-09,DECLINE
41,13100,3612,35125,25,741,0,0.276,2.681,LON,GREEN,2019-05,APPROVE
55,27000,12132,72706,5,738,0,0.449,2.693,NW,STD,2019-03,REFER
68,56200,5297,302017,6,809,0,0.094,5.374,MID,BRIDGE,2019-03,REFER
53,14300,7495,63226,0,641,0,0.524,4.421,NW,REMO,2018-06,REFER
65,69000,760,443831,16,730,0,0.011,6.432,SE,STD,2020-07,DECLINE
60,39000,16933,101318,11,701,0,0.434,2.598,NW,GREEN,2020-04,REFER
53,27900,4735,108835,14,828,0,0.17,3.901,SE,REMO,2018-06,APPROVE
29,23500,5486,110460,17,728,2,0.233,4.7,NE,STD,2019-11,DECLINE
22,45800,28282,102209,6,840,0,0.618,2.232,NE,GREEN,2019-01,DECLINE
31,39800,22747,39822,14,695,0,0.572,1.001,LON,GREEN,2019-03,DECLINE
31,125800,27187,311070,12,602,0,0.216,2.473,MID,STD,2018-06,APPROVE
33,12800,3119,81492,9,800,1,0.244,6.367,SW,REMO,2019-05,DECLINE
34,102500,23449,566941,16,549,0,0.229,5.531,MID,STD,2019-01,DECLINE
50,59800,33839,45973,6,531,0,0.566,0.769,LON,STD,2018-11,DECLINE
20,58000,39330,178048,14,608,2,0.678,3.07,SE,GREEN,2020-01,DECLINE
63,16300,4322,50886,19,687,0,0.265,3.122,LON,GREEN,2020-07,APPROVE
68,25500,7672,103907,15,666,0,0.301,4.075,SE,GREEN,2018-06,APPROVE
67,70700,36697,228058,7,542,0,0.519,3.226,SE,REMO,2020-04,DECLINE
31,16300,4711,9947,8,781,0,0.289,0.61,LON,STD,2020-07,APPROVE
49,59300,251,177810,18,527,0,0.004,2.998,LON,REMO,2019-03,DECLINE
45,15900,8365,93231,23,613,0,0.526,5.864,MID,GREEN,2019-11,REFER
26,91600,16344,218300,16,571,0,0.178,2.383,LON,REMO,2018-06,APPROVE
33,17900,8444,84213,20,809,0,0.472,4.705,SE,STD,2019-02,REFER
30,59600,11998,151010,12,582,2,0.201,2.534,LON,BRIDGE,2018-06,DECLINE
35,22500,12257,146195,18,812,0,0.545,6.498,NW,STD,2019-05,DECLINE
46,50400,18502,90500,3,811,0,0.367,1.796,SE,STD,2019-08,APPROVE
53,107800,10137,271416,24,606,0,0.094,2.518,NE,REMO,2019-05,APPROVE
37,19400,8891,39041,9,624,0,0.458,2.012,NW,GREEN,2018-11,REFER
22,44300,24262,108118,15,560,3,0.548,2.441,NW,STD,2018-11,DECLINE
28,58300,6572,172147,17,572,0,0.113,2.953,NE,REMO,2019-05,APPROVE
20,13000,2828,44927,14,544,0,0.218,3.456,SE,STD,2019-08,DECLINE
28,100200,51062,269360,8,548,0,0.51,2.688,MID,STD,2019-08,DECLINE
51,109500,13426,55669,15,548,0,0.123,0.508,LON,GREEN,2019-02,DECLINE
21,53800,4671,188289,21,581,0,0.087,3.5,LON,GREEN,2019-02,APPROVE
26,37000,9681,184284,16,836,0,0.262,4.981,NE,GREEN,2018-11,APPROVE
46,21900,6654,46059,20,648,0,0.304,2.103,LON,STD,2019-08,APPROVE
36,169500,44283,415169,13,785,0,0.261,2.449,NE,REMO,2018-09,APPROVE
63,30700,14004,59993,19,596,1,0.456,1.954,LON,STD,2019-11,REFER
25,86600,30811,82299,25,594,0,0.356,0.95,MID,STD,2019-01,APPROVE
40,52100,197,147661,12,613,0,0.004,2.834,LON,GREEN,2019-11,APPROVE
48,24600,3784,155970,1,650,0,0.154,6.34,NW,STD,2020-07,DECLINE
41,43100,6805,148357,3,533,0,0.158,3.442,NW,REMO,2019-02,DECLINE
41,144500,54048,824280,2,651,0,0.374,5.704,LON,GREEN,2019-05,REFER
51,18700,9729,29487,21,589,0,0.52,1.577,LON,REMO,2020-01,REFER
34,19300,3872,42748,18,746,0,0.201,2.215,SE,STD,2020-04,APPROVE
37,40000,3376,115179,21,686,0,0.084,2.879,NW,REMO,2020-04,APPROVE
22,51400,6640,115000,4,584,0,0.129,2.237,SW,STD,2020-04,APPROVE
57,12200,2427,48319,15,535,0,0.199,3.961,SE,GREEN,2020-01,DECLINE
25,58100,31958,291264,5,665,0,0.55,5.013,LON,REMO,2019-02,DECLINE
45,78900,30114,62028,15,750,0,0.382,0.786,MID,STD,2019-08,APPROVE
59,26400,14672,143923,25,788,0,0.556,5.452,SE,STD,2019-08,DECLINE
30,19400,8154,18989,15,544,0,0.42,0.979,SE,STD,2020-07,DECLINE
57,14800,2818,94390,22,573,0,0.19,6.378,MID,STD,2019-01,DECLINE
48,43300,5257,125349,21,560,0,0.121,2.895,SE,REMO,2019-11,APPROVE
58,110600,13629,430876,21,766,0,0.123,3.896,LON,STD,2018-06,APPROVE
58,26800,15851,87440,12,673,0,0.591,3.263,LON,REMO,2018-09,DECLINE
